/*
SQLyog Ultimate v8.4 
MySQL - 5.1.50-community : Database - studentskit
*********************************************************************
*/

/*!40101 SET NAMES utf8 */;

/*!40101 SET SQL_MODE=''*/;

/*!40014 SET @OLD_UNIQUE_CHECKS=@@UNIQUE_CHECKS, UNIQUE_CHECKS=0 */;
/*!40014 SET @OLD_FOREIGN_KEY_CHECKS=@@FOREIGN_KEY_CHECKS, FOREIGN_KEY_CHECKS=0 */;
/*!40101 SET @OLD_SQL_MODE=@@SQL_MODE, SQL_MODE='NO_AUTO_VALUE_ON_ZERO' */;
/*!40111 SET @OLD_SQL_NOTES=@@SQL_NOTES, SQL_NOTES=0 */;
CREATE DATABASE /*!32312 IF NOT EXISTS*/`studentskit` /*!40100 DEFAULT CHARACTER SET utf8 COLLATE utf8_unicode_ci */;

USE `studentskit`;

/*Data for the table `adaptive_payments` */

insert  into `adaptive_payments`(`adaptive_payment_id`,`pending_user_lesson_id`,`user_lesson_id`,`teacher_lesson_id`,`subject_id`,`student_user_id`,`status`,`is_approved`,`max_amount`,`paid_amount`,`is_used`,`pay_key`,`preapproval_key`,`preapproval_ipn_data`,`valid_thru`,`created`) values (1,11,16,NULL,7,5,'ACTIVE',1,5,4,1,NULL,'PA-78U37670WS6835100',NULL,'2014-01-19 00:00:00','2013-01-19 19:51:40'),(2,12,17,NULL,7,5,'ACTIVE',1,5,4,1,NULL,'PA-2YT36131YS856670L',NULL,'2014-01-19 00:00:00','2013-01-19 20:19:56'),(3,13,18,NULL,7,5,'ACTIVE',1,5,4,1,NULL,'PA-3DU69386W9639431G',NULL,'2014-01-19 00:00:00','2013-01-19 23:11:24'),(4,14,19,NULL,7,5,'ACTIVE',1,5,5,1,'AP-55B73128W3935354N','PA-30B15735GU281844L',NULL,'2014-01-19 00:00:00','2013-01-19 23:36:13'),(5,15,20,NULL,7,5,'ACTIVE',1,5,5,1,'AP-0NY81373NB653971B','PA-2X887488UX7251039',NULL,'2014-01-20 00:00:00','2013-01-20 00:03:32'),(6,16,21,NULL,7,5,'ACTIVE',1,5,5,1,'AP-82U35150YG868180N','PA-1MV17393S16605315',NULL,'2014-01-20 00:00:00','2013-01-20 00:09:51'),(7,17,22,NULL,7,5,'ACTIVE',1,5,5,1,'AP-7CK55816MB6762015','PA-3BP73348NJ190994E',NULL,'2014-01-20 00:00:00','2013-01-20 13:56:41'),(8,18,23,NULL,7,5,'ACTIVE',1,5,5,1,'AP-6BD093817Y430535K','PA-2LL99267WG424200G',NULL,'2014-01-20 00:00:00','2013-01-20 14:03:11'),(9,19,24,NULL,7,5,'ACTIVE',1,5,5,1,'AP-3SA41153FH605793U','PA-4LV01080VE1834938',NULL,'2014-01-20 00:00:00','2013-01-20 14:07:22'),(10,20,25,NULL,7,5,'ACTIVE',1,5,0,0,NULL,'PA-0BL38961EA7204449',NULL,'2014-01-20 00:00:00','2013-01-20 17:16:16'),(11,22,27,NULL,7,5,'IN_PROCESS',0,5,NULL,0,NULL,'PA-83D69299HY170943D',NULL,'2014-01-20 00:00:00','2013-01-20 18:12:21'),(12,23,28,NULL,7,5,'ACTIVE',1,5,0,0,NULL,'PA-0LU56521W7485491Y','{\"approved\":\"true\",\"cancel_url\":\"http:\\/\\/universito.com\\/Order\\/paidStatus\\/order\\/23\",\"cur_payments\":\"0\",\"cur_payments_amount\":\"0.00\",\"cur_period_attempts\":\"0\",\"cur_period_ending_date\":null,\"currency_code\":\"USD\",\"date_of_month\":\"0\",\"day_of_week\":\"NO_DAY_SPECIFIED\",\"ending_date\":\"2014-01-20T23:59:04.000Z\",\"max_amount_per_payment\":null,\"max_number_of_payments\":null,\"max_number_of_payments_per_period\":null,\"max_total_amount_of_all_payments\":\"5.00\",\"payment_period\":\"NO_PERIOD_SPECIFIED\",\"pin_type\":\"NOT_REQUIRED\",\"return_url\":\"http:\\/\\/universito.com\\/Order\\/paidStatus\\/order\\/23\",\"sender_email\":\"buyer_1358638395_per@gmail.com\",\"memo\":null,\"starting_date\":\"2013-01-20T00:00:04.000Z\",\"status\":\"ACTIVE\",\"ipn_notification_url\":\"http:\\/\\/universito.com\\/Order\\/paymentPreapprovalIpnNotificationUrl\\/order\\/23\",\"address_list\":null,\"fees_payer\":\"SECONDARYONLY\",\"display_max_total_amount\":\"false\",\"error\":null,\"action\":\"order\",\"pending_user_lesson_id\":\"23\",\"preapproval_key\":\"PA-0LU56521W7485491Y\"}','2014-01-20 00:00:00','2013-01-20 18:14:03');

/*Data for the table `auto_approve_lesson_request` */

/*Data for the table `file_system` */

insert  into `file_system`(`file_system_id`,`permission`,`parent_id`,`lft`,`rght`,`entity_type`,`entity_id`,`type`,`name`,`size_kb`,`extension`,`file_source`) values (1,0,0,1,8,'subject',1,'folder','video subject',NULL,NULL,NULL),(2,0,1,2,5,'subject',1,'folder','Users uploads',NULL,NULL,NULL),(3,0,1,6,7,'subject',1,'file','14340_1308633517963_1348361_n.jpg',73596,NULL,'/file_system/14340_1308633517963_1348361_n.jpg'),(4,0,0,9,16,'subject',2,'folder','live subject',NULL,NULL,NULL),(5,0,4,10,13,'subject',2,'folder','Users uploads',NULL,NULL,NULL),(6,0,4,14,15,'subject',2,'file','14340_1308636838046_1125140_n - Copy.jpg',58870,NULL,'/file_system/14340_1308636838046_1125140_n_-_Copy.jpg'),(7,13,2,3,4,'subject',1,'folder','Sivan Eshkol-Yamin',NULL,NULL,NULL),(8,0,5,11,12,'subject',2,'file','Air+Jua+Kali+Proposal.ppt',NULL,NULL,NULL),(9,0,0,17,30,'subject',7,'folder','paid live subject',NULL,NULL,NULL),(10,0,9,18,29,'subject',7,'folder','Users uploads',NULL,NULL,NULL),(11,5,10,19,20,'subject',7,'folder','Sivan Yamin',NULL,NULL,NULL),(12,5,10,21,22,'subject',7,'folder','Sivan Yamin',NULL,NULL,NULL),(13,5,10,23,24,'subject',7,'folder','Sivan Yamin',NULL,NULL,NULL),(14,5,10,25,26,'subject',7,'folder','Sivan Yamin',NULL,NULL,NULL),(15,5,10,27,28,'subject',7,'folder','Sivan Yamin',NULL,NULL,NULL);

/*Data for the table `forum_access` */

insert  into `forum_access`(`id`,`access_level_id`,`user_id`,`created`,`modified`) values (1,4,4,'2012-07-26 05:43:24','2012-07-26 05:43:24');

/*Data for the table `forum_access_levels` */

insert  into `forum_access_levels`(`id`,`title`,`level`,`isAdmin`,`isSuper`) values (1,'Member',1,0,0),(2,'Moderator',4,0,0),(3,'Super Moderator',7,0,1),(4,'Administrator',10,1,1);

/*Data for the table `forum_forums` */

insert  into `forum_forums`(`id`,`forum_id`,`access_level_id`,`title`,`slug`,`deep`,`path`,`description`,`status`,`orderNo`,`topic_count`,`post_count`,`accessRead`,`accessPost`,`accessPoll`,`accessReply`,`settingPostCount`,`settingAutoLock`,`lastTopic_id`,`lastPost_id`,`lastUser_id`,`created`,`modified`) values (1,0,0,'Forums','forums',1,NULL,'This is a primary forum and it contains child forums. Primary forums (no parents) can not be posted in.',1,1,0,0,0,1,1,1,0,0,4,5,4,'2012-11-28 01:30:40','2012-11-27 23:37:25'),(2,1,0,'General Discussion','general-discussion',1,NULL,'This is a child forum. You can add, edit or delete these forums by visiting the administration panel, but first you would need to give a user admin rights.',1,1,4,5,0,1,1,1,1,1,4,5,4,'2012-11-28 01:30:40','2012-11-27 23:37:25');

/*Data for the table `forum_forums_i18n` */

insert  into `forum_forums_i18n`(`id`,`locale`,`model`,`foreign_key`,`field`,`content`) values (1,'eng','Forum',1,'title','test forum'),(2,'eng','Forum',1,'description','test forum'),(3,'heb','Forum',1,'title','פורום בדיקה'),(4,'heb','Forum',1,'description','פורום בדיקה'),(5,'eng','Forum',2,'title','test forum 2'),(6,'eng','Forum',2,'description','test forum 2'),(7,'heb','Forum',2,'title','פורום בדיקה 2'),(8,'heb','Forum',2,'description','פורום בדיקה 2'),(9,'eng','Forum',3,'title','title'),(10,'eng','Forum',3,'description','description'),(11,'heb','Forum',3,'title','כותרת'),(12,'heb','Forum',3,'description','תאור');

/*Data for the table `forum_moderators` */

/*Data for the table `forum_poll_options` */

/*Data for the table `forum_poll_votes` */

/*Data for the table `forum_polls` */

/*Data for the table `forum_posts` */

insert  into `forum_posts`(`id`,`forum_id`,`topic_id`,`user_id`,`userIP`,`content`,`contentHtml`,`created`,`modified`) values (1,2,1,4,'127.0.0.1','message','message','2012-08-15 00:04:58','2012-08-15 00:04:58'),(2,2,1,4,'127.0.0.1','my comment','my comment','2012-08-15 00:25:55','2012-08-15 00:25:55'),(3,2,2,4,'127.0.0.1','מודעה','מודעה','2012-08-15 00:26:15','2012-08-15 01:05:17'),(4,2,3,4,'127.0.0.1','בדיקה','בדיקה','2012-11-27 23:21:49','2012-11-27 23:21:49'),(5,2,4,4,'127.0.0.1','hih','hih','2012-11-27 23:37:23','2012-11-27 23:37:23');

/*Data for the table `forum_profiles` */

insert  into `forum_profiles`(`id`,`user_id`,`signature`,`signatureHtml`,`locale`,`timezone`,`totalPosts`,`totalTopics`,`currentLogin`,`lastLogin`,`created`,`modified`) values (1,4,NULL,NULL,'eng','-8',5,4,NULL,NULL,'2012-08-13 02:34:17','2012-08-13 02:34:17'),(2,5,NULL,NULL,'eng','-8',0,0,NULL,NULL,'2012-09-11 21:27:58','2012-09-11 21:27:58'),(3,13,NULL,NULL,'eng','-8',0,0,NULL,NULL,'2012-10-03 01:54:56','2012-10-03 01:54:56'),(4,50,NULL,NULL,'eng','-8',0,0,NULL,NULL,'2012-11-04 02:19:48','2012-11-04 02:19:48'),(5,51,NULL,NULL,'eng','-8',0,0,NULL,NULL,'2012-11-04 02:20:03','2012-11-04 02:20:03'),(6,52,NULL,NULL,'eng','-8',0,0,NULL,NULL,'2012-11-04 02:20:48','2012-11-04 02:20:48'),(7,53,NULL,NULL,'eng','-8',0,0,NULL,NULL,'2012-11-04 02:22:38','2012-11-04 02:22:38'),(8,54,NULL,NULL,'eng','-8',0,0,NULL,NULL,'2012-11-04 02:23:02','2012-11-04 02:23:02'),(9,57,NULL,NULL,'eng','-8',0,0,NULL,NULL,'2012-11-04 11:48:30','2012-11-04 11:48:30'),(10,58,NULL,NULL,'eng','-8',0,0,NULL,NULL,'2012-11-04 11:49:18','2012-11-04 11:49:18');

/*Data for the table `forum_reported` */

/*Data for the table `forum_settings` */

insert  into `forum_settings`(`id`,`key`,`value`,`created`,`modified`) values (1,'site_name','Universito',NULL,'2012-10-16 12:51:00'),(2,'site_email','noreply@universito.com',NULL,'2012-10-16 12:51:00'),(3,'site_main_url','http://universito.com/',NULL,'2012-10-16 12:51:00'),(4,'topics_per_page','20',NULL,'2012-10-16 12:51:00'),(5,'topics_per_hour','3',NULL,'2012-10-16 12:51:00'),(6,'topic_flood_interval','300',NULL,'2012-10-16 12:51:00'),(7,'topic_pages_till_truncate','10',NULL,'2012-10-16 12:51:00'),(8,'posts_per_page','15',NULL,'2012-10-16 12:51:00'),(9,'posts_per_hour','15',NULL,'2012-10-16 12:51:00'),(10,'posts_till_hot_topic','35',NULL,'2012-10-16 12:51:00'),(11,'post_flood_interval','60',NULL,'2012-10-16 12:51:00'),(12,'days_till_autolock','21',NULL,'2012-10-16 12:51:00'),(13,'whos_online_interval','15',NULL,'2012-10-16 12:51:00'),(14,'security_question','What framework does this plugin run on?',NULL,'2012-10-16 12:51:00'),(15,'security_answer','cakephp',NULL,'2012-10-16 12:51:00'),(16,'enable_quick_reply','1',NULL,'2012-10-16 12:51:00'),(17,'enable_gravatar','1',NULL,'2012-10-16 12:51:00'),(18,'censored_words','',NULL,'2012-10-16 12:51:00'),(19,'default_locale','eng',NULL,'2012-10-16 12:51:00'),(20,'default_timezone','+2',NULL,'2012-10-16 12:51:00'),(21,'title_separator',' - ',NULL,'2012-10-16 12:51:00'),(22,'enable_topic_subscriptions','1',NULL,'2012-10-16 12:51:00'),(23,'enable_forum_subscriptions','1',NULL,'2012-10-16 12:51:00'),(24,'auto_subscribe_self','1',NULL,'2012-10-16 12:51:00');

/*Data for the table `forum_subscriptions` */

insert  into `forum_subscriptions`(`id`,`user_id`,`forum_id`,`topic_id`,`created`) values (1,4,NULL,1,'2012-08-15 00:04:59'),(2,4,NULL,2,'2012-08-15 00:26:16'),(3,4,NULL,3,'2012-11-27 23:21:50'),(4,4,NULL,4,'2012-11-27 23:37:25');

/*Data for the table `forum_topics` */

insert  into `forum_topics`(`id`,`forum_id`,`user_id`,`title`,`language`,`slug`,`status`,`type`,`post_count`,`view_count`,`firstPost_id`,`lastPost_id`,`lastUser_id`,`created`,`modified`) values (1,2,4,'message','en','message',1,0,2,12,1,2,4,'2012-08-15 00:04:58','2012-08-15 00:25:55'),(2,2,4,'מודעה','he','מודעה',1,0,1,17,3,3,4,'2012-08-15 00:26:15','2012-08-15 01:05:17'),(3,2,4,'בדיקה','en','בדיקה',1,0,1,6,4,4,4,'2012-11-27 23:21:49','2012-11-27 23:21:49'),(4,2,4,'hihihi','en','hihihi',1,0,1,2,5,5,4,'2012-11-27 23:37:22','2012-11-27 23:37:23');

/*Data for the table `i18n` */

/*Data for the table `images` */

/*Data for the table `notifications` */

insert  into `notifications`(`notification_id`,`user_id`,`by_user_id`,`message`,`message_enum`,`message_params`,`link`,`unread`) values (1,4,5,'Sivan Yamin requesting \"live subject\" on 2013-01-29 16:00:00','student.booking.request.sent','{\"message_enum\":\"student.booking.request.sent\",\"params\":{\"teacher_user_id\":\"4\",\"student_user_id\":\"5\",\"datetime\":\"2013-01-29 16:00:00\",\"name\":\"live subject\",\"user_lesson_id\":\"3\"}}','[\"\\/\"]',0),(2,4,5,'Sivan Yamin requesting \"live subject\" on 2013-01-29 16:00:00','student.booking.request.sent','{\"message_enum\":\"student.booking.request.sent\",\"params\":{\"teacher_user_id\":\"4\",\"student_user_id\":\"5\",\"datetime\":\"2013-01-29 16:00:00\",\"name\":\"live subject\",\"user_lesson_id\":\"1\"}}','[\"\\/\"]',0),(3,4,5,'Sivan Yamin requesting \"live subject\" on 2013-01-29 16:00:00','student.booking.request.sent','{\"message_enum\":\"student.booking.request.sent\",\"params\":{\"teacher_user_id\":\"4\",\"student_user_id\":\"5\",\"datetime\":\"2013-01-29 16:00:00\",\"name\":\"live subject\",\"user_lesson_id\":\"2\"}}','[\"\\/\"]',0),(4,4,5,'Sivan Yamin canceled his request for \"live subject\" on 2013-01-29 16:00:00','student.booking.request.canceled','{\"message_enum\":\"student.booking.request.canceled\",\"params\":{\"user_lesson_id\":\"2\",\"teacher_user_id\":\"4\",\"student_user_id\":\"5\",\"datetime\":\"2013-01-29 16:00:00\",\"name\":\"live subject\"}}','[\"\\/\"]',0),(5,4,5,'Sivan Yamin canceled his request for \"live subject\" on 2013-01-29 16:00:00','student.booking.request.canceled','{\"message_enum\":\"student.booking.request.canceled\",\"params\":{\"user_lesson_id\":\"1\",\"teacher_user_id\":\"4\",\"student_user_id\":\"5\",\"datetime\":\"2013-01-29 16:00:00\",\"name\":\"live subject\"}}','[\"\\/\"]',0),(6,4,5,'Sivan Yamin requesting \"live subject\" on 2013-01-29 16:00:00','student.booking.request.sent','{\"message_enum\":\"student.booking.request.sent\",\"params\":{\"teacher_user_id\":\"4\",\"student_user_id\":\"5\",\"datetime\":\"2013-01-29 16:00:00\",\"name\":\"live subject\",\"user_lesson_id\":\"1\"}}','[\"\\/\"]',0),(7,4,5,'Sivan Yamin canceled his request for \"live subject\" on 2013-01-29 16:00:00','student.booking.request.canceled','{\"message_enum\":\"student.booking.request.canceled\",\"params\":{\"user_lesson_id\":\"1\",\"teacher_user_id\":\"4\",\"student_user_id\":\"5\",\"datetime\":\"2013-01-29 16:00:00\",\"name\":\"live subject\"}}','[\"\\/\"]',0),(8,4,5,'Sivan Yamin requesting \"live subject\" on 2013-01-29 16:00:00','student.booking.request.sent','{\"message_enum\":\"student.booking.request.sent\",\"params\":{\"teacher_user_id\":\"4\",\"student_user_id\":\"5\",\"datetime\":\"2013-01-29 16:00:00\",\"name\":\"live subject\",\"user_lesson_id\":\"2\"}}','[\"\\/\"]',0),(9,4,5,'Sivan Yamin requesting \"live subject\" on 2013-02-01 20:20:00','student.booking.request.sent','{\"message_enum\":\"student.booking.request.sent\",\"params\":{\"teacher_user_id\":\"4\",\"student_user_id\":\"5\",\"datetime\":\"2013-02-01 20:20:00\",\"name\":\"live subject\",\"user_lesson_id\":\"1\"}}','[\"\\/\"]',0),(10,4,5,'Sivan Yamin requesting \"video subject\" on ','student.booking.request.sent','{\"message_enum\":\"student.booking.request.sent\",\"params\":{\"teacher_user_id\":\"4\",\"student_user_id\":\"5\",\"datetime\":null,\"name\":\"video subject\",\"user_lesson_id\":\"2\"}}','[\"\\/\"]',0),(11,4,5,'Sivan Yamin requesting \"live subject\" on 2013-01-29 20:35:00','student.booking.request.sent','{\"message_enum\":\"student.booking.request.sent\",\"params\":{\"teacher_user_id\":\"4\",\"student_user_id\":\"5\",\"datetime\":\"2013-01-29 20:35:00\",\"name\":\"live subject\",\"user_lesson_id\":\"3\"}}','[\"\\/\"]',0),(12,4,5,'Sivan Yamin requesting \"live subject\" on 2013-01-29 20:35:00','student.booking.request.sent','{\"message_enum\":\"student.booking.request.sent\",\"params\":{\"teacher_user_id\":\"4\",\"student_user_id\":\"5\",\"datetime\":\"2013-01-29 20:35:00\",\"name\":\"live subject\",\"user_lesson_id\":\"4\"}}','[\"\\/\"]',0),(13,4,13,'Sivan Eshkol-Yamin requesting \"video subject\" on ','student.booking.request.sent','{\"message_enum\":\"student.booking.request.sent\",\"params\":{\"teacher_user_id\":\"4\",\"student_user_id\":\"13\",\"datetime\":null,\"name\":\"video subject\",\"user_lesson_id\":\"1\"}}','[\"\\/\"]',0),(14,4,13,'Sivan Eshkol-Yamin requesting \"video subject\" on ','student.booking.request.sent','{\"message_enum\":\"student.booking.request.sent\",\"params\":{\"teacher_user_id\":\"4\",\"student_user_id\":\"13\",\"datetime\":null,\"name\":\"video subject\",\"user_lesson_id\":\"1\"}}','[\"\\/\"]',0),(15,13,4,'Eldad Yamin auto-approved you\'r request for \"video subject\" on ','teacher.booking.request.auto.approve','{\"message_enum\":\"teacher.booking.request.auto.approve\",\"params\":{\"teacher_user_id\":\"4\",\"student_user_id\":\"13\",\"datetime\":null,\"name\":\"video subject\",\"user_lesson_id\":\"1\"}}','[\"\\/\"]',1),(16,4,13,'Sivan Eshkol-Yamin request for \"video subject\" on  has been auto approved','student.booking.request.auto.approve','{\"message_enum\":\"student.booking.request.auto.approve\",\"params\":{\"teacher_user_id\":\"4\",\"student_user_id\":\"13\",\"datetime\":null,\"name\":\"video subject\",\"user_lesson_id\":\"1\"}}','[\"\\/\"]',0),(17,13,4,'Eldad Yamin auto-approved you\'r request for \"video subject\" on ','teacher.booking.request.auto.approve','{\"message_enum\":\"teacher.booking.request.auto.approve\",\"params\":{\"teacher_user_id\":\"4\",\"student_user_id\":\"13\",\"datetime\":null,\"name\":\"video subject\",\"user_lesson_id\":\"1\"}}','[\"\\/\"]',1),(18,4,13,'Sivan Eshkol-Yamin request for \"video subject\" on  has been auto approved','student.booking.request.auto.approve','{\"message_enum\":\"student.booking.request.auto.approve\",\"params\":{\"teacher_user_id\":\"4\",\"student_user_id\":\"13\",\"datetime\":null,\"name\":\"video subject\",\"user_lesson_id\":\"1\"}}','[\"\\/\"]',0),(19,13,4,'Eldad Yamin auto-approved you\'r request for \"video subject\" on ','teacher.booking.request.auto.approve','{\"message_enum\":\"teacher.booking.request.auto.approve\",\"params\":{\"teacher_user_id\":\"4\",\"student_user_id\":\"13\",\"datetime\":null,\"name\":\"video subject\",\"user_lesson_id\":\"1\"}}','[\"\\/\"]',1),(20,4,13,'Sivan Eshkol-Yamin request for \"video subject\" on  has been auto approved','student.booking.request.auto.approve','{\"message_enum\":\"student.booking.request.auto.approve\",\"params\":{\"teacher_user_id\":\"4\",\"student_user_id\":\"13\",\"datetime\":null,\"name\":\"video subject\",\"user_lesson_id\":\"1\"}}','[\"\\/\"]',0),(21,13,4,'Eldad Yamin auto-approved you\'r request for \"video subject\" on ','teacher.booking.request.auto.approve','{\"message_enum\":\"teacher.booking.request.auto.approve\",\"params\":{\"teacher_user_id\":\"4\",\"student_user_id\":\"13\",\"datetime\":null,\"name\":\"video subject\",\"user_lesson_id\":\"1\"}}','[\"\\/\"]',1),(22,4,13,'Sivan Eshkol-Yamin request for \"video subject\" on  has been auto approved','student.booking.request.auto.approve','{\"message_enum\":\"student.booking.request.auto.approve\",\"params\":{\"teacher_user_id\":\"4\",\"student_user_id\":\"13\",\"datetime\":null,\"name\":\"video subject\",\"user_lesson_id\":\"1\"}}','[\"\\/\"]',0),(23,4,13,'Sivan Eshkol-Yamin requesting \"live subject\" on 2013-01-29 23:21:00','student.booking.request.sent','{\"message_enum\":\"student.booking.request.sent\",\"params\":{\"teacher_user_id\":\"4\",\"student_user_id\":\"13\",\"datetime\":\"2013-01-29 23:21:00\",\"name\":\"live subject\",\"user_lesson_id\":\"2\"}}','[\"\\/\"]',0),(24,4,13,'Sivan Eshkol-Yamin requesting \"live subject\" on 2013-01-29 14:00:00','student.booking.request.sent','{\"message_enum\":\"student.booking.request.sent\",\"params\":{\"teacher_user_id\":\"4\",\"student_user_id\":\"13\",\"datetime\":\"2013-01-29 14:00:00\",\"name\":\"live subject\",\"user_lesson_id\":\"3\"}}','[\"\\/\"]',0),(25,13,4,'Eldad Yamin auto-approved you\'r request for \"video subject\" on ','teacher.booking.request.auto.approve','{\"message_enum\":\"teacher.booking.request.auto.approve\",\"params\":{\"teacher_user_id\":\"4\",\"student_user_id\":\"13\",\"datetime\":null,\"name\":\"video subject\",\"user_lesson_id\":\"1\"}}','[\"\\/\"]',1),(26,4,13,'Sivan Eshkol-Yamin request for \"video subject\" on  has been auto approved','student.booking.request.auto.approve','{\"message_enum\":\"student.booking.request.auto.approve\",\"params\":{\"teacher_user_id\":\"4\",\"student_user_id\":\"13\",\"datetime\":null,\"name\":\"video subject\",\"user_lesson_id\":\"1\"}}','[\"\\/\"]',0),(27,4,5,'Sivan Yamin requesting \"live subject\" on 2013-01-03 22:20:00','student.booking.request.sent','{\"message_enum\":\"student.booking.request.sent\",\"params\":{\"teacher_user_id\":\"4\",\"student_user_id\":\"5\",\"datetime\":\"2013-01-03 22:20:00\",\"name\":\"live subject\",\"user_lesson_id\":\"2\"}}','[\"\\/\"]',0),(28,4,4,'Eldad Yamin rated you for \"live subject\" to 2013-11-03 22:20:00','teacher.rate.student','{\"message_enum\":\"teacher.rate.student\",\"params\":{\"user_lesson_id\":\"2\",\"teacher_user_id\":\"4\",\"student_user_id\":\"4\",\"datetime\":\"2013-11-03 22:20:00\",\"name\":\"live subject\"}}','[\"\\/\"]',0),(29,4,5,'Sivan Yamin rated you for \"live subject\" to 2013-11-03 22:20:00','student.rate.teacher','{\"message_enum\":\"student.rate.teacher\",\"params\":{\"user_lesson_id\":\"2\",\"teacher_user_id\":\"4\",\"student_user_id\":\"5\",\"datetime\":\"2013-11-03 22:20:00\",\"name\":\"live subject\"}}','[\"\\/\"]',0),(30,4,5,'Sivan Yamin rated you for \"video subject\" to 2013-12-30 20:48:59','student.rate.teacher','{\"message_enum\":\"student.rate.teacher\",\"params\":{\"user_lesson_id\":\"1\",\"teacher_user_id\":\"4\",\"student_user_id\":\"5\",\"datetime\":\"2013-12-30 20:48:59\",\"name\":\"video subject\"}}','[\"\\/\"]',0),(31,5,4,'Eldad Yamin rated you for \"live subject\" to 2013-11-03 22:20:00','teacher.rate.student','{\"message_enum\":\"teacher.rate.student\",\"params\":{\"user_lesson_id\":\"2\",\"teacher_user_id\":\"4\",\"student_user_id\":\"5\",\"datetime\":\"2013-11-03 22:20:00\",\"name\":\"live subject\"}}','[\"\\/\"]',0),(32,4,5,'Sivan Yamin rated you for \"video subject\" to 2013-12-30 20:48:59','student.rate.teacher','{\"message_enum\":\"student.rate.teacher\",\"params\":{\"user_lesson_id\":\"1\",\"teacher_user_id\":\"4\",\"student_user_id\":\"5\",\"datetime\":\"2013-12-30 20:48:59\",\"name\":\"video subject\"}}','[\"\\/\"]',1),(33,5,4,'Eldad Yamin rated you for \"live subject\" to 2013-11-03 22:20:00','teacher.rate.student','{\"message_enum\":\"teacher.rate.student\",\"params\":{\"user_lesson_id\":\"2\",\"teacher_user_id\":\"4\",\"student_user_id\":\"5\",\"datetime\":\"2013-11-03 22:20:00\",\"name\":\"live subject\"}}','[\"\\/\"]',0),(34,4,5,'Sivan Yamin rated you for \"live subject\" to 2013-11-03 22:20:00','student.rate.teacher','{\"message_enum\":\"student.rate.teacher\",\"params\":{\"user_lesson_id\":\"2\",\"teacher_user_id\":\"4\",\"student_user_id\":\"5\",\"datetime\":\"2013-11-03 22:20:00\",\"name\":\"live subject\"}}','[\"\\/\"]',1),(35,5,4,'Eldad Yamin rated you for \"live subject\" to 2013-11-03 22:20:00','teacher.rate.student','{\"message_enum\":\"teacher.rate.student\",\"params\":{\"user_lesson_id\":\"2\",\"teacher_user_id\":\"4\",\"student_user_id\":\"5\",\"datetime\":\"2013-11-03 22:20:00\",\"name\":\"live subject\"}}','[\"\\/\"]',0),(36,4,5,'Sivan Yamin rated you for \"video subject\" to 2013-12-30 20:48:59','student.rate.teacher','{\"message_enum\":\"student.rate.teacher\",\"params\":{\"user_lesson_id\":\"1\",\"teacher_user_id\":\"4\",\"student_user_id\":\"5\",\"datetime\":\"2013-12-30 20:48:59\",\"name\":\"video subject\"}}','[\"\\/\"]',1),(37,4,5,'Sivan Yamin rated you for \"live subject\" to 2013-11-03 22:20:00','student.rate.teacher','{\"message_enum\":\"student.rate.teacher\",\"params\":{\"user_lesson_id\":\"2\",\"teacher_user_id\":\"4\",\"student_user_id\":\"5\",\"datetime\":\"2013-11-03 22:20:00\",\"name\":\"live subject\"}}','[\"\\/\"]',1),(38,4,5,'Sivan Yamin rated you for \"live subject\" to 2013-11-03 22:20:00','student.rate.teacher','{\"message_enum\":\"student.rate.teacher\",\"params\":{\"user_lesson_id\":\"2\",\"teacher_user_id\":\"4\",\"student_user_id\":\"5\",\"datetime\":\"2013-11-03 22:20:00\",\"name\":\"live subject\"}}','[\"\\/\"]',1),(39,5,4,'Eldad Yamin rated you for \"live subject\" to 2013-11-03 22:20:00','teacher.rate.student','{\"message_enum\":\"teacher.rate.student\",\"params\":{\"user_lesson_id\":\"2\",\"teacher_user_id\":\"4\",\"student_user_id\":\"5\",\"datetime\":\"2013-11-03 22:20:00\",\"name\":\"live subject\"}}','[\"\\/\"]',0),(40,4,5,'Sivan Yamin rated you for \"video subject\" to 2013-12-30 20:48:59','student.rate.teacher','{\"message_enum\":\"student.rate.teacher\",\"params\":{\"user_lesson_id\":\"1\",\"teacher_user_id\":\"4\",\"student_user_id\":\"5\",\"datetime\":\"2013-12-30 20:48:59\",\"name\":\"video subject\"}}','[\"\\/\"]',1),(41,5,4,'Eldad Yamin rescheduled you\'r request for \"live subject\" to 2013-11-03 22:20:00','teacher.booking.request.rescheduled','{\"message_enum\":\"teacher.booking.request.rescheduled\",\"params\":{\"user_lesson_id\":\"2\",\"teacher_user_id\":\"4\",\"student_user_id\":\"5\",\"datetime\":\"2013-11-03 22:20:00\",\"name\":\"live subject\"}}','[\"\\/\"]',1),(42,5,4,'Eldad Yamin rescheduled you\'r request for \"live subject\" to 2013-11-03 22:20:00','teacher.booking.request.rescheduled','{\"message_enum\":\"teacher.booking.request.rescheduled\",\"params\":{\"user_lesson_id\":\"2\",\"teacher_user_id\":\"4\",\"student_user_id\":\"5\",\"datetime\":\"2013-11-03 22:20:00\",\"name\":\"live subject\"}}','[\"\\/\"]',1),(43,5,4,'Eldad Yamin rescheduled you\'r invitation \"live subject\" to 2013-11-03 22:20:00','teacher.invitation.rescheduled','{\"message_enum\":\"teacher.invitation.rescheduled\",\"params\":{\"user_lesson_id\":\"2\",\"teacher_user_id\":\"4\",\"student_user_id\":\"5\",\"datetime\":\"2013-11-03 22:20:00\",\"name\":\"live subject\"}}','[\"\\/\"]',1),(44,5,4,'Eldad Yamin rescheduled you\'r invitation \"live subject\" to 2013-11-03 22:20:00','teacher.invitation.rescheduled','{\"message_enum\":\"teacher.invitation.rescheduled\",\"params\":{\"user_lesson_id\":\"2\",\"teacher_user_id\":\"4\",\"student_user_id\":\"5\",\"datetime\":\"2013-11-03 22:20:00\",\"name\":\"live subject\"}}','[\"\\/\"]',1),(45,5,4,'Eldad Yamin rescheduled you\'r invitation \"live subject\" to 2013-11-03 22:20:00','teacher.invitation.rescheduled','{\"message_enum\":\"teacher.invitation.rescheduled\",\"params\":{\"user_lesson_id\":\"2\",\"teacher_user_id\":\"4\",\"student_user_id\":\"5\",\"datetime\":\"2013-11-03 22:20:00\",\"name\":\"live subject\"}}','[\"\\/\"]',1),(46,5,4,'Eldad Yamin rescheduled you\'r invitation \"live subject\" to 2013-11-03 22:20:00','teacher.invitation.rescheduled','{\"message_enum\":\"teacher.invitation.rescheduled\",\"params\":{\"user_lesson_id\":\"2\",\"teacher_user_id\":\"4\",\"student_user_id\":\"5\",\"datetime\":\"2013-11-03 22:20:00\",\"name\":\"live subject\"}}','[\"\\/\"]',1),(47,5,4,'Eldad Yamin rescheduled you\'r request for \"video subject\" to 2013-12-30 20:48:59','teacher.booking.request.rescheduled','{\"message_enum\":\"teacher.booking.request.rescheduled\",\"params\":{\"user_lesson_id\":\"1\",\"teacher_user_id\":\"4\",\"student_user_id\":\"5\",\"datetime\":\"2013-12-30 20:48:59\",\"name\":\"video subject\"}}','[\"\\/\"]',1),(48,5,4,'Eldad Yamin rescheduled you\'r invitation \"live subject\" to 2013-11-03 22:20:00','teacher.invitation.rescheduled','{\"message_enum\":\"teacher.invitation.rescheduled\",\"params\":{\"user_lesson_id\":\"2\",\"teacher_user_id\":\"4\",\"student_user_id\":\"5\",\"datetime\":\"2013-11-03 22:20:00\",\"name\":\"live subject\"}}','[\"\\/\"]',1),(49,4,4,'Eldad Yamin rescheduled you\'r request for \"live subject\" to 2013-11-03 22:20:00','teacher.booking.request.rescheduled','{\"message_enum\":\"teacher.booking.request.rescheduled\",\"params\":{\"user_lesson_id\":\"2\",\"teacher_user_id\":\"4\",\"student_user_id\":\"4\",\"datetime\":\"2013-11-03 22:20:00\",\"name\":\"live subject\"}}','[\"\\/\"]',1),(50,4,4,'Eldad Yamin rescheduled you\'r request for \"live subject\" to 2013-11-03 22:20:00','teacher.booking.request.rescheduled','{\"message_enum\":\"teacher.booking.request.rescheduled\",\"params\":{\"user_lesson_id\":\"2\",\"teacher_user_id\":\"4\",\"student_user_id\":\"4\",\"datetime\":\"2013-11-03 22:20:00\",\"name\":\"live subject\"}}','[\"\\/\"]',1),(51,4,4,'Eldad Yamin rescheduled you\'r request for \"live subject\" to 2013-11-03 22:20:00','teacher.booking.request.rescheduled','{\"message_enum\":\"teacher.booking.request.rescheduled\",\"params\":{\"user_lesson_id\":\"2\",\"teacher_user_id\":\"4\",\"student_user_id\":\"4\",\"datetime\":\"2013-11-03 22:20:00\",\"name\":\"live subject\"}}','[\"\\/\"]',1),(52,4,4,'Eldad Yamin rescheduled you\'r request for \"live subject\" to 2013-11-03 22:20:00','teacher.booking.request.rescheduled','{\"message_enum\":\"teacher.booking.request.rescheduled\",\"params\":{\"user_lesson_id\":\"2\",\"teacher_user_id\":\"4\",\"student_user_id\":\"4\",\"datetime\":\"2013-11-03 22:20:00\",\"name\":\"live subject\"}}','[\"\\/\"]',1),(53,4,4,'Eldad Yamin rescheduled you\'r request for \"live subject\" to 2013-11-03 22:20:00','teacher.booking.request.rescheduled','{\"message_enum\":\"teacher.booking.request.rescheduled\",\"params\":{\"user_lesson_id\":\"2\",\"teacher_user_id\":\"4\",\"student_user_id\":\"4\",\"datetime\":\"2013-11-03 22:20:00\",\"name\":\"live subject\"}}','[\"\\/\"]',1),(54,4,4,'Eldad Yamin rescheduled you\'r request for \"live subject\" to 2013-11-03 22:20:00','teacher.booking.request.rescheduled','{\"message_enum\":\"teacher.booking.request.rescheduled\",\"params\":{\"user_lesson_id\":\"2\",\"teacher_user_id\":\"4\",\"student_user_id\":\"4\",\"datetime\":\"2013-11-03 22:20:00\",\"name\":\"live subject\"}}','[\"\\/\"]',1),(55,4,4,'Eldad Yamin rescheduled you\'r request for \"live subject\" to 2013-11-03 22:20:00','teacher.booking.request.rescheduled','{\"message_enum\":\"teacher.booking.request.rescheduled\",\"params\":{\"user_lesson_id\":\"2\",\"teacher_user_id\":\"4\",\"student_user_id\":\"4\",\"datetime\":\"2013-11-03 22:20:00\",\"name\":\"live subject\"}}','[\"\\/\"]',1),(56,4,4,'Eldad Yamin rescheduled you\'r request for \"live subject\" to 2013-11-03 22:20:00','teacher.booking.request.rescheduled','{\"message_enum\":\"teacher.booking.request.rescheduled\",\"params\":{\"user_lesson_id\":\"2\",\"teacher_user_id\":\"4\",\"student_user_id\":\"4\",\"datetime\":\"2013-11-03 22:20:00\",\"name\":\"live subject\"}}','[\"\\/\"]',1),(57,4,4,'Eldad Yamin rescheduled you\'r request for \"live subject\" to 2013-11-03 22:20:00','teacher.booking.request.rescheduled','{\"message_enum\":\"teacher.booking.request.rescheduled\",\"params\":{\"user_lesson_id\":\"2\",\"teacher_user_id\":\"4\",\"student_user_id\":\"4\",\"datetime\":\"2013-11-03 22:20:00\",\"name\":\"live subject\"}}','[\"\\/\"]',1),(58,4,4,'Eldad Yamin rescheduled you\'r request for \"live subject\" to 2013-11-03 22:20:00','teacher.booking.request.rescheduled','{\"message_enum\":\"teacher.booking.request.rescheduled\",\"params\":{\"user_lesson_id\":\"2\",\"teacher_user_id\":\"4\",\"student_user_id\":\"4\",\"datetime\":\"2013-11-03 22:20:00\",\"name\":\"live subject\"}}','[\"\\/\"]',1),(59,4,4,'Eldad Yamin rescheduled you\'r request for \"live subject\" to 2013-11-03 22:20:00','teacher.booking.request.rescheduled','{\"message_enum\":\"teacher.booking.request.rescheduled\",\"params\":{\"user_lesson_id\":\"2\",\"teacher_user_id\":\"4\",\"student_user_id\":\"4\",\"datetime\":\"2013-11-03 22:20:00\",\"name\":\"live subject\"}}','[\"\\/\"]',1),(60,4,4,'Eldad Yamin rescheduled you\'r request for \"live subject\" to 2013-11-03 22:20:00','teacher.booking.request.rescheduled','{\"message_enum\":\"teacher.booking.request.rescheduled\",\"params\":{\"user_lesson_id\":\"2\",\"teacher_user_id\":\"4\",\"student_user_id\":\"4\",\"datetime\":\"2013-11-03 22:20:00\",\"name\":\"live subject\"}}','[\"\\/\"]',1),(61,4,4,'Eldad Yamin rescheduled you\'r request for \"live subject\" to 2013-11-03 22:20:00','teacher.booking.request.rescheduled','{\"message_enum\":\"teacher.booking.request.rescheduled\",\"params\":{\"user_lesson_id\":\"2\",\"teacher_user_id\":\"4\",\"student_user_id\":\"4\",\"datetime\":\"2013-11-03 22:20:00\",\"name\":\"live subject\"}}','[\"\\/\"]',1),(62,4,4,'Eldad Yamin rescheduled you\'r request for \"live subject\" to 2013-11-03 22:20:00','teacher.booking.request.rescheduled','{\"message_enum\":\"teacher.booking.request.rescheduled\",\"params\":{\"user_lesson_id\":\"2\",\"teacher_user_id\":\"4\",\"student_user_id\":\"4\",\"datetime\":\"2013-11-03 22:20:00\",\"name\":\"live subject\"}}','[\"\\/\"]',1),(63,4,4,'Eldad Yamin rescheduled you\'r request for \"live subject\" to 2013-11-03 22:20:00','teacher.booking.request.rescheduled','{\"message_enum\":\"teacher.booking.request.rescheduled\",\"params\":{\"user_lesson_id\":\"2\",\"teacher_user_id\":\"4\",\"student_user_id\":\"4\",\"datetime\":\"2013-11-03 22:20:00\",\"name\":\"live subject\"}}','[\"\\/\"]',1),(64,4,4,'Eldad Yamin rescheduled you\'r request for \"live subject\" to 2013-11-03 22:20:00','teacher.booking.request.rescheduled','{\"message_enum\":\"teacher.booking.request.rescheduled\",\"params\":{\"user_lesson_id\":\"2\",\"teacher_user_id\":\"4\",\"student_user_id\":\"4\",\"datetime\":\"2013-11-03 22:20:00\",\"name\":\"live subject\"}}','[\"\\/\"]',1),(65,4,4,'Eldad Yamin rescheduled you\'r request for \"live subject\" to 2013-11-03 22:20:00','teacher.booking.request.rescheduled','{\"message_enum\":\"teacher.booking.request.rescheduled\",\"params\":{\"user_lesson_id\":\"2\",\"teacher_user_id\":\"4\",\"student_user_id\":\"4\",\"datetime\":\"2013-11-03 22:20:00\",\"name\":\"live subject\"}}','[\"\\/\"]',1),(66,4,4,'Eldad Yamin rescheduled you\'r request for \"live subject\" to 2013-11-03 22:20:00','teacher.booking.request.rescheduled','{\"message_enum\":\"teacher.booking.request.rescheduled\",\"params\":{\"user_lesson_id\":\"2\",\"teacher_user_id\":\"4\",\"student_user_id\":\"4\",\"datetime\":\"2013-11-03 22:20:00\",\"name\":\"live subject\"}}','[\"\\/\"]',1),(67,4,4,'Eldad Yamin rescheduled you\'r request for \"live subject\" to 2013-11-03 22:20:00','teacher.booking.request.rescheduled','{\"message_enum\":\"teacher.booking.request.rescheduled\",\"params\":{\"user_lesson_id\":\"2\",\"teacher_user_id\":\"4\",\"student_user_id\":\"4\",\"datetime\":\"2013-11-03 22:20:00\",\"name\":\"live subject\"}}','[\"\\/\"]',1),(68,4,4,'Eldad Yamin rescheduled you\'r request for \"live subject\" to 2013-11-03 22:20:00','teacher.booking.request.rescheduled','{\"message_enum\":\"teacher.booking.request.rescheduled\",\"params\":{\"user_lesson_id\":\"2\",\"teacher_user_id\":\"4\",\"student_user_id\":\"4\",\"datetime\":\"2013-11-03 22:20:00\",\"name\":\"live subject\"}}','[\"\\/\"]',1),(69,4,4,'Eldad Yamin rescheduled you\'r request for \"live subject\" to 2013-12-05 22:20:00','teacher.booking.request.rescheduled','{\"message_enum\":\"teacher.booking.request.rescheduled\",\"params\":{\"user_lesson_id\":\"2\",\"teacher_user_id\":\"4\",\"student_user_id\":\"4\",\"datetime\":\"2013-12-05 22:20:00\",\"name\":\"live subject\"}}','[\"\\/\"]',1),(70,4,4,'Eldad Yamin rescheduled you\'r request for \"live subject\" to 2013-12-04 22:20:00','teacher.booking.request.rescheduled','{\"message_enum\":\"teacher.booking.request.rescheduled\",\"params\":{\"user_lesson_id\":\"2\",\"teacher_user_id\":\"4\",\"student_user_id\":\"4\",\"datetime\":\"2013-12-04 22:20:00\",\"name\":\"live subject\"}}','[\"\\/\"]',1),(71,4,4,'Eldad Yamin rescheduled you\'r request for \"live subject\" to 2013-12-04 22:20:00','teacher.booking.request.rescheduled','{\"message_enum\":\"teacher.booking.request.rescheduled\",\"params\":{\"user_lesson_id\":\"2\",\"teacher_user_id\":\"4\",\"student_user_id\":\"4\",\"datetime\":\"2013-12-04 22:20:00\",\"name\":\"live subject\"}}','[\"\\/\"]',1),(72,4,4,'Eldad Yamin rescheduled you\'r request for \"live subject\" to 2013-12-04 22:20:00','teacher.booking.request.rescheduled','{\"message_enum\":\"teacher.booking.request.rescheduled\",\"params\":{\"user_lesson_id\":\"2\",\"teacher_user_id\":\"4\",\"student_user_id\":\"4\",\"datetime\":\"2013-12-04 22:20:00\",\"name\":\"live subject\"}}','[\"\\/\"]',1),(73,4,4,'Eldad Yamin rescheduled you\'r request for \"live subject\" to 2013-12-04 22:20:00','teacher.booking.request.rescheduled','{\"message_enum\":\"teacher.booking.request.rescheduled\",\"params\":{\"user_lesson_id\":\"2\",\"teacher_user_id\":\"4\",\"student_user_id\":\"4\",\"datetime\":\"2013-12-04 22:20:00\",\"name\":\"live subject\"}}','[\"\\/\"]',1),(74,4,4,'Eldad Yamin rescheduled you\'r request for \"live subject\" to 2013-12-04 22:20:00','teacher.booking.request.rescheduled','{\"message_enum\":\"teacher.booking.request.rescheduled\",\"params\":{\"user_lesson_id\":\"2\",\"teacher_user_id\":\"4\",\"student_user_id\":\"4\",\"datetime\":\"2013-12-04 22:20:00\",\"name\":\"live subject\"}}','[\"\\/\"]',1),(75,4,4,'Eldad Yamin rescheduled you\'r request for \"live subject\" to 2013-12-04 22:20:00','teacher.booking.request.rescheduled','{\"message_enum\":\"teacher.booking.request.rescheduled\",\"params\":{\"user_lesson_id\":\"2\",\"teacher_user_id\":\"4\",\"student_user_id\":\"4\",\"datetime\":\"2013-12-04 22:20:00\",\"name\":\"live subject\"}}','[\"\\/\"]',1),(76,4,4,'Eldad Yamin rescheduled you\'r request for \"live subject\" to 2013-12-04 22:20:00','teacher.booking.request.rescheduled','{\"message_enum\":\"teacher.booking.request.rescheduled\",\"params\":{\"user_lesson_id\":\"2\",\"teacher_user_id\":\"4\",\"student_user_id\":\"4\",\"datetime\":\"2013-12-04 22:20:00\",\"name\":\"live subject\"}}','[\"\\/\"]',1),(77,4,4,'Eldad Yamin rescheduled you\'r request for \"live subject\" to 2013-12-04 22:20:00','teacher.booking.request.rescheduled','{\"message_enum\":\"teacher.booking.request.rescheduled\",\"params\":{\"user_lesson_id\":\"2\",\"teacher_user_id\":\"4\",\"student_user_id\":\"4\",\"datetime\":\"2013-12-04 22:20:00\",\"name\":\"live subject\"}}','[\"\\/\"]',1),(78,4,4,'Eldad Yamin rescheduled you\'r request for \"live subject\" to 2013-12-04 22:20:00','teacher.booking.request.rescheduled','{\"message_enum\":\"teacher.booking.request.rescheduled\",\"params\":{\"user_lesson_id\":\"2\",\"teacher_user_id\":\"4\",\"student_user_id\":\"4\",\"datetime\":\"2013-12-04 22:20:00\",\"name\":\"live subject\"}}','[\"\\/\"]',1),(79,4,4,'Eldad Yamin rescheduled you\'r request for \"live subject\" to 2013-12-04 22:20:00','teacher.booking.request.rescheduled','{\"message_enum\":\"teacher.booking.request.rescheduled\",\"params\":{\"user_lesson_id\":\"2\",\"teacher_user_id\":\"4\",\"student_user_id\":\"4\",\"datetime\":\"2013-12-04 22:20:00\",\"name\":\"live subject\"}}','[\"\\/\"]',1),(80,4,4,'Eldad Yamin rescheduled you\'r invitation \"video subject\" to 2013-12-30 20:48:59','teacher.invitation.rescheduled','{\"message_enum\":\"teacher.invitation.rescheduled\",\"params\":{\"user_lesson_id\":\"1\",\"teacher_user_id\":\"4\",\"student_user_id\":\"4\",\"datetime\":\"2013-12-30 20:48:59\",\"name\":\"video subject\"}}','[\"\\/\"]',1),(81,4,4,'Eldad Yamin rescheduled you\'r request for \"live subject\" to 2013-12-04 22:20:00','teacher.booking.request.rescheduled','{\"message_enum\":\"teacher.booking.request.rescheduled\",\"params\":{\"user_lesson_id\":\"2\",\"teacher_user_id\":\"4\",\"student_user_id\":\"4\",\"datetime\":\"2013-12-04 22:20:00\",\"name\":\"live subject\"}}','[\"\\/\"]',1),(82,4,4,'Eldad Yamin rescheduled you\'r request for \"live subject\" to 2013-12-04 22:20:00','teacher.booking.request.rescheduled','{\"message_enum\":\"teacher.booking.request.rescheduled\",\"params\":{\"user_lesson_id\":\"2\",\"teacher_user_id\":\"4\",\"student_user_id\":\"4\",\"datetime\":\"2013-12-04 22:20:00\",\"name\":\"live subject\"}}','[\"\\/\"]',1),(83,4,4,'Eldad Yamin rescheduled you\'r request for \"live subject\" to 2013-12-04 22:20:00','teacher.booking.request.rescheduled','{\"message_enum\":\"teacher.booking.request.rescheduled\",\"params\":{\"user_lesson_id\":\"2\",\"teacher_user_id\":\"4\",\"student_user_id\":\"4\",\"datetime\":\"2013-12-04 22:20:00\",\"name\":\"live subject\"}}','[\"\\/\"]',1),(84,4,4,'Eldad Yamin rescheduled you\'r request for \"live subject\" to 2013-12-04 22:20:00','teacher.booking.request.rescheduled','{\"message_enum\":\"teacher.booking.request.rescheduled\",\"params\":{\"user_lesson_id\":\"2\",\"teacher_user_id\":\"4\",\"student_user_id\":\"4\",\"datetime\":\"2013-12-04 22:20:00\",\"name\":\"live subject\"}}','[\"\\/\"]',1),(85,4,4,'Eldad Yamin rescheduled you\'r request for \"live subject\" to 2013-12-04 22:20:00','teacher.booking.request.rescheduled','{\"message_enum\":\"teacher.booking.request.rescheduled\",\"params\":{\"user_lesson_id\":\"2\",\"teacher_user_id\":\"4\",\"student_user_id\":\"4\",\"datetime\":\"2013-12-04 22:20:00\",\"name\":\"live subject\"}}','[\"\\/\"]',1),(86,4,4,'Eldad Yamin rescheduled you\'r request for \"live subject\" to 2013-12-04 22:20:00','teacher.booking.request.rescheduled','{\"message_enum\":\"teacher.booking.request.rescheduled\",\"params\":{\"user_lesson_id\":\"2\",\"teacher_user_id\":\"4\",\"student_user_id\":\"4\",\"datetime\":\"2013-12-04 22:20:00\",\"name\":\"live subject\"}}','[\"\\/\"]',1),(87,4,4,'Eldad Yamin rescheduled you\'r request for \"live subject\" to 2013-12-04 22:20:00','teacher.booking.request.rescheduled','{\"message_enum\":\"teacher.booking.request.rescheduled\",\"params\":{\"user_lesson_id\":\"2\",\"teacher_user_id\":\"4\",\"student_user_id\":\"4\",\"datetime\":\"2013-12-04 22:20:00\",\"name\":\"live subject\"}}','[\"\\/\"]',1),(88,4,4,'Eldad Yamin rescheduled you\'r request for \"live subject\" to 2013-12-04 22:20:00','teacher.booking.request.rescheduled','{\"message_enum\":\"teacher.booking.request.rescheduled\",\"params\":{\"user_lesson_id\":\"2\",\"teacher_user_id\":\"4\",\"student_user_id\":\"4\",\"datetime\":\"2013-12-04 22:20:00\",\"name\":\"live subject\"}}','[\"\\/\"]',1),(89,4,4,'Eldad Yamin rescheduled you\'r request for \"live subject\" to 2013-12-04 22:20:00','teacher.booking.request.rescheduled','{\"message_enum\":\"teacher.booking.request.rescheduled\",\"params\":{\"user_lesson_id\":\"2\",\"teacher_user_id\":\"4\",\"student_user_id\":\"4\",\"datetime\":\"2013-12-04 22:20:00\",\"name\":\"live subject\"}}','[\"\\/\"]',1),(90,4,4,'Eldad Yamin rescheduled you\'r request for \"live subject\" to 2013-12-04 22:20:00','teacher.booking.request.rescheduled','{\"message_enum\":\"teacher.booking.request.rescheduled\",\"params\":{\"user_lesson_id\":\"2\",\"teacher_user_id\":\"4\",\"student_user_id\":\"4\",\"datetime\":\"2013-12-04 22:20:00\",\"name\":\"live subject\"}}','[\"\\/\"]',1),(91,4,4,'Eldad Yamin rescheduled you\'r request for \"live subject\" to 2013-12-04 22:20:00','teacher.booking.request.rescheduled','{\"message_enum\":\"teacher.booking.request.rescheduled\",\"params\":{\"user_lesson_id\":\"2\",\"teacher_user_id\":\"4\",\"student_user_id\":\"4\",\"datetime\":\"2013-12-04 22:20:00\",\"name\":\"live subject\"}}','[\"\\/\"]',1),(92,4,4,'Eldad Yamin rescheduled you\'r request for \"live subject\" to 2013-12-04 22:20:00','teacher.booking.request.rescheduled','{\"message_enum\":\"teacher.booking.request.rescheduled\",\"params\":{\"user_lesson_id\":\"2\",\"teacher_user_id\":\"4\",\"student_user_id\":\"4\",\"datetime\":\"2013-12-04 22:20:00\",\"name\":\"live subject\"}}','[\"\\/\"]',1),(93,4,4,'Eldad Yamin rescheduled you\'r request for \"live subject\" to 2013-12-04 22:20:00','teacher.booking.request.rescheduled','{\"message_enum\":\"teacher.booking.request.rescheduled\",\"params\":{\"user_lesson_id\":\"2\",\"teacher_user_id\":\"4\",\"student_user_id\":\"4\",\"datetime\":\"2013-12-04 22:20:00\",\"name\":\"live subject\"}}','[\"\\/\"]',1),(94,4,4,'Eldad Yamin rescheduled you\'r request for \"live subject\" to 2013-12-04 22:20:00','teacher.booking.request.rescheduled','{\"message_enum\":\"teacher.booking.request.rescheduled\",\"params\":{\"user_lesson_id\":\"2\",\"teacher_user_id\":\"4\",\"student_user_id\":\"4\",\"datetime\":\"2013-12-04 22:20:00\",\"name\":\"live subject\"}}','[\"\\/\"]',1),(95,4,4,'Eldad Yamin rescheduled you\'r request for \"live subject\" to 2013-12-04 22:20:00','teacher.booking.request.rescheduled','{\"message_enum\":\"teacher.booking.request.rescheduled\",\"params\":{\"user_lesson_id\":\"2\",\"teacher_user_id\":\"4\",\"student_user_id\":\"4\",\"datetime\":\"2013-12-04 22:20:00\",\"name\":\"live subject\"}}','[\"\\/\"]',1),(96,4,4,'Eldad Yamin rescheduled you\'r request for \"live subject\" to 2013-12-04 22:20:00','teacher.booking.request.rescheduled','{\"message_enum\":\"teacher.booking.request.rescheduled\",\"params\":{\"user_lesson_id\":\"2\",\"teacher_user_id\":\"4\",\"student_user_id\":\"4\",\"datetime\":\"2013-12-04 22:20:00\",\"name\":\"live subject\"}}','[\"\\/\"]',1),(97,4,5,'Sivan Yamin requesting \"live subject2\" on 2013-01-18 18:00:00','student.booking.request.sent','{\"message_enum\":\"student.booking.request.sent\",\"params\":{\"teacher_user_id\":\"4\",\"student_user_id\":\"5\",\"datetime\":\"2013-01-18 18:00:00\",\"name\":\"live subject2\",\"user_lesson_id\":\"3\"}}','[\"\\/\"]',1),(98,4,5,'Sivan Yamin requesting \"live subject2\" on 2013-01-18 18:30:00','student.booking.request.sent','{\"message_enum\":\"student.booking.request.sent\",\"params\":{\"teacher_user_id\":\"4\",\"student_user_id\":\"5\",\"datetime\":\"2013-01-18 18:30:00\",\"name\":\"live subject2\",\"user_lesson_id\":\"4\"}}','[\"\\/\"]',1),(99,4,5,'Sivan Yamin rescheduled his request for \"live subject2\" to 2013-01-18 18:30:00','student.booking.request.rescheduled','{\"message_enum\":\"student.booking.request.rescheduled\",\"params\":{\"user_lesson_id\":\"4\",\"teacher_user_id\":\"4\",\"student_user_id\":\"5\",\"datetime\":\"2013-01-18 18:30:00\",\"name\":\"live subject2\"}}','[\"\\/\"]',1),(100,4,5,'Sivan Yamin rescheduled his request for \"live subject2\" to 2013-01-19 18:30:00','student.booking.request.rescheduled','{\"message_enum\":\"student.booking.request.rescheduled\",\"params\":{\"user_lesson_id\":\"4\",\"teacher_user_id\":\"4\",\"student_user_id\":\"5\",\"datetime\":\"2013-01-19 18:30:00\",\"name\":\"live subject2\"}}','[\"\\/\"]',1),(101,4,5,'Sivan Yamin requesting \"live subject2\" on 2013-01-18 23:50:00','student.booking.request.sent','{\"message_enum\":\"student.booking.request.sent\",\"params\":{\"teacher_user_id\":\"4\",\"student_user_id\":\"5\",\"datetime\":\"2013-01-18 23:50:00\",\"name\":\"live subject2\",\"user_lesson_id\":\"5\"}}','[\"\\/\"]',1),(102,4,5,'Sivan Yamin rescheduled his request for \"live subject2\" to 2013-01-18 23:50:00','student.booking.request.rescheduled','{\"message_enum\":\"student.booking.request.rescheduled\",\"params\":{\"user_lesson_id\":\"5\",\"teacher_user_id\":\"4\",\"student_user_id\":\"5\",\"datetime\":\"2013-01-18 23:50:00\",\"name\":\"live subject2\"}}','[\"\\/\"]',1),(103,4,5,'Sivan Yamin rescheduled his request for \"live subject2\" to 2013-01-18 22:50:00','student.booking.request.rescheduled','{\"message_enum\":\"student.booking.request.rescheduled\",\"params\":{\"user_lesson_id\":\"5\",\"teacher_user_id\":\"4\",\"student_user_id\":\"5\",\"datetime\":\"2013-01-18 22:50:00\",\"name\":\"live subject2\"}}','[\"\\/\"]',1),(104,4,5,'Sivan Yamin rescheduled his request for \"live subject2\" to 2013-01-18 21:50:00','student.booking.request.rescheduled','{\"message_enum\":\"student.booking.request.rescheduled\",\"params\":{\"user_lesson_id\":\"5\",\"teacher_user_id\":\"4\",\"student_user_id\":\"5\",\"datetime\":\"2013-01-18 21:50:00\",\"name\":\"live subject2\"}}','[\"\\/\"]',1),(105,4,5,'Sivan Yamin rescheduled his request for \"live subject2\" to 2013-01-22 22:50:00','student.booking.request.rescheduled','{\"message_enum\":\"student.booking.request.rescheduled\",\"params\":{\"user_lesson_id\":\"5\",\"teacher_user_id\":\"4\",\"student_user_id\":\"5\",\"datetime\":\"2013-01-22 22:50:00\",\"name\":\"live subject2\"}}','[\"\\/\"]',1),(106,4,5,'Sivan Yamin rescheduled his request for \"live subject2\" to 2013-01-22 22:50:00','student.booking.request.rescheduled','{\"message_enum\":\"student.booking.request.rescheduled\",\"params\":{\"user_lesson_id\":\"5\",\"teacher_user_id\":\"4\",\"student_user_id\":\"5\",\"datetime\":\"2013-01-22 22:50:00\",\"name\":\"live subject2\"}}','[\"\\/\"]',1),(107,4,5,'Sivan Yamin rescheduled his request for \"live subject2\" to 2013-01-22 22:50:00','student.booking.request.rescheduled','{\"message_enum\":\"student.booking.request.rescheduled\",\"params\":{\"user_lesson_id\":\"5\",\"teacher_user_id\":\"4\",\"student_user_id\":\"5\",\"datetime\":\"2013-01-22 22:50:00\",\"name\":\"live subject2\"}}','[\"\\/\"]',1),(108,4,5,'Sivan Yamin rescheduled his request for \"live subject2\" to 2013-01-22 22:50:00','student.booking.request.rescheduled','{\"message_enum\":\"student.booking.request.rescheduled\",\"params\":{\"user_lesson_id\":\"5\",\"teacher_user_id\":\"4\",\"student_user_id\":\"5\",\"datetime\":\"2013-01-22 22:50:00\",\"name\":\"live subject2\"}}','[\"\\/\"]',1),(109,4,5,'Sivan Yamin rescheduled his request for \"live subject2\" to 2013-01-19 01:50:00','student.booking.request.rescheduled','{\"message_enum\":\"student.booking.request.rescheduled\",\"params\":{\"user_lesson_id\":\"5\",\"teacher_user_id\":\"4\",\"student_user_id\":\"5\",\"datetime\":\"2013-01-19 01:50:00\",\"name\":\"live subject2\"}}','[\"\\/\"]',1),(110,4,5,'Sivan Yamin rescheduled his request for \"live subject2\" to 2013-01-19 01:40:00','student.booking.request.rescheduled','{\"message_enum\":\"student.booking.request.rescheduled\",\"params\":{\"user_lesson_id\":\"5\",\"teacher_user_id\":\"4\",\"student_user_id\":\"5\",\"datetime\":\"2013-01-19 01:40:00\",\"name\":\"live subject2\"}}','[\"\\/\"]',1),(111,4,5,'Sivan Yamin rescheduled his request for \"live subject2\" to 2013-01-19 01:30:00','student.booking.request.rescheduled','{\"message_enum\":\"student.booking.request.rescheduled\",\"params\":{\"user_lesson_id\":\"5\",\"teacher_user_id\":\"4\",\"student_user_id\":\"5\",\"datetime\":\"2013-01-19 01:30:00\",\"name\":\"live subject2\"}}','[\"\\/\"]',1),(112,4,5,'Sivan Yamin rescheduled his request for \"live subject2\" to 2013-01-19 01:27:00','student.booking.request.rescheduled','{\"message_enum\":\"student.booking.request.rescheduled\",\"params\":{\"user_lesson_id\":\"5\",\"teacher_user_id\":\"4\",\"student_user_id\":\"5\",\"datetime\":\"2013-01-19 01:27:00\",\"name\":\"live subject2\"}}','[\"\\/\"]',1),(113,4,5,'Sivan Yamin rescheduled his request for \"live subject2\" to 2013-01-19 01:27:00','student.booking.request.rescheduled','{\"message_enum\":\"student.booking.request.rescheduled\",\"params\":{\"user_lesson_id\":\"5\",\"teacher_user_id\":\"4\",\"student_user_id\":\"5\",\"datetime\":\"2013-01-19 01:27:00\",\"name\":\"live subject2\"}}','[\"\\/\"]',1),(114,4,5,'Sivan Yamin rescheduled his request for \"live subject2\" to 2013-01-19 00:59:00','student.booking.request.rescheduled','{\"message_enum\":\"student.booking.request.rescheduled\",\"params\":{\"user_lesson_id\":\"5\",\"teacher_user_id\":\"4\",\"student_user_id\":\"5\",\"datetime\":\"2013-01-19 00:59:00\",\"name\":\"live subject2\"}}','[\"\\/\"]',1),(115,4,5,'Sivan Yamin rescheduled his request for \"live subject2\" to 2013-01-19 12:33:00','student.booking.request.rescheduled','{\"message_enum\":\"student.booking.request.rescheduled\",\"params\":{\"user_lesson_id\":\"5\",\"teacher_user_id\":\"4\",\"student_user_id\":\"5\",\"datetime\":\"2013-01-19 12:33:00\",\"name\":\"live subject2\"}}','[\"\\/\"]',1),(116,4,5,'Sivan Yamin rescheduled his request for \"live subject2\" to 2013-01-20 00:30:00','student.booking.request.rescheduled','{\"message_enum\":\"student.booking.request.rescheduled\",\"params\":{\"user_lesson_id\":\"5\",\"teacher_user_id\":\"4\",\"student_user_id\":\"5\",\"datetime\":\"2013-01-20 00:30:00\",\"name\":\"live subject2\"}}','[\"\\/\"]',1),(117,4,5,'Sivan Yamin rescheduled his request for \"live subject2\" to 2013-01-20 12:29:00','student.booking.request.rescheduled','{\"message_enum\":\"student.booking.request.rescheduled\",\"params\":{\"user_lesson_id\":\"5\",\"teacher_user_id\":\"4\",\"student_user_id\":\"5\",\"datetime\":\"2013-01-20 12:29:00\",\"name\":\"live subject2\"}}','[\"\\/\"]',1),(118,4,5,'Sivan Yamin rescheduled his request for \"live subject2\" to 2013-01-21 00:28:00','student.booking.request.rescheduled','{\"message_enum\":\"student.booking.request.rescheduled\",\"params\":{\"user_lesson_id\":\"5\",\"teacher_user_id\":\"4\",\"student_user_id\":\"5\",\"datetime\":\"2013-01-21 00:28:00\",\"name\":\"live subject2\"}}','[\"\\/\"]',1),(119,4,5,'Sivan Yamin rescheduled his request for \"live subject2\" to 2013-01-21 12:10:00','student.booking.request.rescheduled','{\"message_enum\":\"student.booking.request.rescheduled\",\"params\":{\"user_lesson_id\":\"5\",\"teacher_user_id\":\"4\",\"student_user_id\":\"5\",\"datetime\":\"2013-01-21 12:10:00\",\"name\":\"live subject2\"}}','[\"\\/\"]',1),(120,4,5,'Sivan Yamin rescheduled his request for \"live subject2\" to 2013-01-21 12:10:00','student.booking.request.rescheduled','{\"message_enum\":\"student.booking.request.rescheduled\",\"params\":{\"user_lesson_id\":\"5\",\"teacher_user_id\":\"4\",\"student_user_id\":\"5\",\"datetime\":\"2013-01-21 12:10:00\",\"name\":\"live subject2\"}}','[\"\\/\"]',1),(121,4,5,'Sivan Yamin rescheduled his request for \"live subject2\" to 2013-01-19 00:58:00','student.booking.request.rescheduled','{\"message_enum\":\"student.booking.request.rescheduled\",\"params\":{\"user_lesson_id\":\"5\",\"teacher_user_id\":\"4\",\"student_user_id\":\"5\",\"datetime\":\"2013-01-19 00:58:00\",\"name\":\"live subject2\"}}','[\"\\/\"]',1),(122,4,5,'Sivan Yamin rescheduled his request for \"live subject2\" to 2013-01-19 00:58:00','student.booking.request.rescheduled','{\"message_enum\":\"student.booking.request.rescheduled\",\"params\":{\"user_lesson_id\":\"5\",\"teacher_user_id\":\"4\",\"student_user_id\":\"5\",\"datetime\":\"2013-01-19 00:58:00\",\"name\":\"live subject2\"}}','[\"\\/\"]',1),(123,4,5,'Sivan Yamin rescheduled his request for \"live subject2\" to 2013-01-19 01:33:00','student.booking.request.rescheduled','{\"message_enum\":\"student.booking.request.rescheduled\",\"params\":{\"user_lesson_id\":\"5\",\"teacher_user_id\":\"4\",\"student_user_id\":\"5\",\"datetime\":\"2013-01-19 01:33:00\",\"name\":\"live subject2\"}}','[\"\\/\"]',1),(124,4,5,'Sivan Yamin rescheduled his request for \"live subject2\" to 2013-01-19 01:00:00','student.booking.request.rescheduled','{\"message_enum\":\"student.booking.request.rescheduled\",\"params\":{\"user_lesson_id\":\"5\",\"teacher_user_id\":\"4\",\"student_user_id\":\"5\",\"datetime\":\"2013-01-19 01:00:00\",\"name\":\"live subject2\"}}','[\"\\/\"]',1),(125,4,5,'Sivan Yamin rescheduled his request for \"live subject2\" to 2013-01-19 22:50:00','student.booking.request.rescheduled','{\"message_enum\":\"student.booking.request.rescheduled\",\"params\":{\"user_lesson_id\":\"5\",\"teacher_user_id\":\"4\",\"student_user_id\":\"5\",\"datetime\":\"2013-01-19 22:50:00\",\"name\":\"live subject2\"}}','[\"\\/\"]',1),(126,4,5,'Sivan Yamin rescheduled his request for \"live subject2\" to 2013-01-19 10:50:00','student.booking.request.rescheduled','{\"message_enum\":\"student.booking.request.rescheduled\",\"params\":{\"user_lesson_id\":\"5\",\"teacher_user_id\":\"4\",\"student_user_id\":\"5\",\"datetime\":\"2013-01-19 10:50:00\",\"name\":\"live subject2\"}}','[\"\\/\"]',1),(127,4,5,'Sivan Yamin rescheduled his request for \"live subject2\" to 2013-01-19 02:50:00','student.booking.request.rescheduled','{\"message_enum\":\"student.booking.request.rescheduled\",\"params\":{\"user_lesson_id\":\"5\",\"teacher_user_id\":\"4\",\"student_user_id\":\"5\",\"datetime\":\"2013-01-19 02:50:00\",\"name\":\"live subject2\"}}','[\"\\/\"]',1),(128,4,5,'Sivan Yamin rescheduled his request for \"live subject2\" to 2013-01-19 02:30:00','student.booking.request.rescheduled','{\"message_enum\":\"student.booking.request.rescheduled\",\"params\":{\"user_lesson_id\":\"5\",\"teacher_user_id\":\"4\",\"student_user_id\":\"5\",\"datetime\":\"2013-01-19 02:30:00\",\"name\":\"live subject2\"}}','[\"\\/\"]',1),(129,4,5,'Sivan Yamin rescheduled his request for \"live subject2\" to 2013-01-19 02:30:00','student.booking.request.rescheduled','{\"message_enum\":\"student.booking.request.rescheduled\",\"params\":{\"user_lesson_id\":\"5\",\"teacher_user_id\":\"4\",\"student_user_id\":\"5\",\"datetime\":\"2013-01-19 02:30:00\",\"name\":\"live subject2\"}}','[\"\\/\"]',1),(130,4,5,'Sivan Yamin rescheduled his request for \"live subject2\" to 2013-01-19 02:26:00','student.booking.request.rescheduled','{\"message_enum\":\"student.booking.request.rescheduled\",\"params\":{\"user_lesson_id\":\"5\",\"teacher_user_id\":\"4\",\"student_user_id\":\"5\",\"datetime\":\"2013-01-19 02:26:00\",\"name\":\"live subject2\"}}','[\"\\/\"]',1),(131,4,5,'Sivan Yamin rescheduled his request for \"live subject2\" to 2013-01-19 02:26:00','student.booking.request.rescheduled','{\"message_enum\":\"student.booking.request.rescheduled\",\"params\":{\"user_lesson_id\":\"5\",\"teacher_user_id\":\"4\",\"student_user_id\":\"5\",\"datetime\":\"2013-01-19 02:26:00\",\"name\":\"live subject2\"}}','[\"\\/\"]',1),(132,4,5,'Sivan Yamin rescheduled his request for \"live subject2\" to 2013-01-19 02:26:00','student.booking.request.rescheduled','{\"message_enum\":\"student.booking.request.rescheduled\",\"params\":{\"user_lesson_id\":\"5\",\"teacher_user_id\":\"4\",\"student_user_id\":\"5\",\"datetime\":\"2013-01-19 02:26:00\",\"name\":\"live subject2\"}}','[\"\\/\"]',1),(133,4,5,'Sivan Yamin rescheduled his request for \"live subject2\" to 2013-01-19 02:28:00','student.booking.request.rescheduled','{\"message_enum\":\"student.booking.request.rescheduled\",\"params\":{\"user_lesson_id\":\"5\",\"teacher_user_id\":\"4\",\"student_user_id\":\"5\",\"datetime\":\"2013-01-19 02:28:00\",\"name\":\"live subject2\"}}','[\"\\/\"]',1),(134,4,5,'Sivan Yamin requesting \"paid live subject\" on 2013-01-21 00:00:00','student.booking.request.sent','{\"message_enum\":\"student.booking.request.sent\",\"params\":{\"teacher_user_id\":\"4\",\"student_user_id\":5,\"datetime\":\"2013-01-21 00:00:00\",\"name\":\"paid live subject\",\"user_lesson_id\":6}}','[\"\\/\"]',1),(135,5,4,'Eldad Yamin accepted you\'r request for \"paid live subject\" on 2013-01-21 00:00:00','teacher.booking.request.accepted','{\"message_enum\":\"teacher.booking.request.accepted\",\"params\":{\"user_lesson_id\":\"6\",\"teacher_user_id\":\"4\",\"student_user_id\":\"5\",\"datetime\":\"2013-01-21 00:00:00\",\"name\":\"paid live subject\"}}','[\"\\/\"]',1),(136,4,5,'Sivan Yamin requesting \"paid live subject\" on 2013-01-23 17:00:00','student.booking.request.sent','{\"message_enum\":\"student.booking.request.sent\",\"params\":{\"teacher_user_id\":\"4\",\"student_user_id\":5,\"datetime\":\"2013-01-23 17:00:00\",\"name\":\"paid live subject\",\"user_lesson_id\":13}}','[\"\\/\"]',1),(137,5,4,'Eldad Yamin accepted you\'r request for \"paid live subject\" on 2013-01-23 17:00:00','teacher.booking.request.accepted','{\"message_enum\":\"teacher.booking.request.accepted\",\"params\":{\"user_lesson_id\":\"13\",\"teacher_user_id\":\"4\",\"student_user_id\":\"5\",\"datetime\":\"2013-01-23 17:00:00\",\"name\":\"paid live subject\"}}','[\"\\/\"]',1),(138,4,5,'Sivan Yamin requesting \"paid live subject\" on 2013-01-23 03:00:00','student.booking.request.sent','{\"message_enum\":\"student.booking.request.sent\",\"params\":{\"teacher_user_id\":\"4\",\"student_user_id\":5,\"datetime\":\"2013-01-23 03:00:00\",\"name\":\"paid live subject\",\"user_lesson_id\":14}}','[\"\\/\"]',1),(139,5,4,'Eldad Yamin accepted you\'r request for \"paid live subject\" on 2013-01-23 03:00:00','teacher.booking.request.accepted','{\"message_enum\":\"teacher.booking.request.accepted\",\"params\":{\"user_lesson_id\":\"14\",\"teacher_user_id\":\"4\",\"student_user_id\":\"5\",\"datetime\":\"2013-01-23 03:00:00\",\"name\":\"paid live subject\"}}','[\"\\/\"]',1),(140,4,5,'Sivan Yamin requesting \"paid live subject\" on 2013-01-24 15:00:00','student.booking.request.sent','{\"message_enum\":\"student.booking.request.sent\",\"params\":{\"teacher_user_id\":\"4\",\"student_user_id\":5,\"datetime\":\"2013-01-24 15:00:00\",\"name\":\"paid live subject\",\"user_lesson_id\":15}}','[\"\\/\"]',1),(141,5,4,'Eldad Yamin accepted you\'r request for \"paid live subject\" on 2013-01-24 15:00:00','teacher.booking.request.accepted','{\"message_enum\":\"teacher.booking.request.accepted\",\"params\":{\"user_lesson_id\":\"15\",\"teacher_user_id\":\"4\",\"student_user_id\":\"5\",\"datetime\":\"2013-01-24 15:00:00\",\"name\":\"paid live subject\"}}','[\"\\/\"]',1),(142,4,5,'Sivan Yamin requesting \"paid live subject\" on 2013-01-23 01:00:00','student.booking.request.sent','{\"message_enum\":\"student.booking.request.sent\",\"params\":{\"teacher_user_id\":\"4\",\"student_user_id\":5,\"datetime\":\"2013-01-23 01:00:00\",\"name\":\"paid live subject\",\"user_lesson_id\":16}}','[\"\\/\"]',1),(143,5,4,'Eldad Yamin accepted you\'r request for \"paid live subject\" on 2013-01-23 01:00:00','teacher.booking.request.accepted','{\"message_enum\":\"teacher.booking.request.accepted\",\"params\":{\"user_lesson_id\":\"16\",\"teacher_user_id\":\"4\",\"student_user_id\":\"5\",\"datetime\":\"2013-01-23 01:00:00\",\"name\":\"paid live subject\"}}','[\"\\/\"]',1),(144,4,5,'Sivan Yamin requesting \"paid live subject\" on 2013-01-25 01:00:00','student.booking.request.sent','{\"message_enum\":\"student.booking.request.sent\",\"params\":{\"teacher_user_id\":\"4\",\"student_user_id\":5,\"datetime\":\"2013-01-25 01:00:00\",\"name\":\"paid live subject\",\"user_lesson_id\":17}}','[\"\\/\"]',1),(145,5,4,'Eldad Yamin accepted you\'r request for \"paid live subject\" on 2013-01-25 01:00:00','teacher.booking.request.accepted','{\"message_enum\":\"teacher.booking.request.accepted\",\"params\":{\"user_lesson_id\":\"17\",\"teacher_user_id\":\"4\",\"student_user_id\":\"5\",\"datetime\":\"2013-01-25 01:00:00\",\"name\":\"paid live subject\"}}','[\"\\/\"]',1),(146,4,5,'Sivan Yamin requesting \"paid live subject\" on 2013-01-24 01:00:00','student.booking.request.sent','{\"message_enum\":\"student.booking.request.sent\",\"params\":{\"teacher_user_id\":\"4\",\"student_user_id\":5,\"datetime\":\"2013-01-24 01:00:00\",\"name\":\"paid live subject\",\"user_lesson_id\":18}}','[\"\\/\"]',1),(147,5,4,'Eldad Yamin accepted you\'r request for \"paid live subject\" on 2013-01-24 01:00:00','teacher.booking.request.accepted','{\"message_enum\":\"teacher.booking.request.accepted\",\"params\":{\"user_lesson_id\":\"18\",\"teacher_user_id\":\"4\",\"student_user_id\":\"5\",\"datetime\":\"2013-01-24 01:00:00\",\"name\":\"paid live subject\"}}','[\"\\/\"]',1),(148,4,5,'Sivan Yamin requesting \"paid live subject\" on 2013-01-26 01:00:00','student.booking.request.sent','{\"message_enum\":\"student.booking.request.sent\",\"params\":{\"teacher_user_id\":\"4\",\"student_user_id\":5,\"datetime\":\"2013-01-26 01:00:00\",\"name\":\"paid live subject\",\"user_lesson_id\":19}}','[\"\\/\"]',1),(149,5,4,'Eldad Yamin accepted you\'r request for \"paid live subject\" on 2013-01-26 01:00:00','teacher.booking.request.accepted','{\"message_enum\":\"teacher.booking.request.accepted\",\"params\":{\"user_lesson_id\":\"19\",\"teacher_user_id\":\"4\",\"student_user_id\":\"5\",\"datetime\":\"2013-01-26 01:00:00\",\"name\":\"paid live subject\"}}','[\"\\/\"]',1),(150,4,5,'Sivan Yamin requesting \"paid live subject\" on 2013-01-30 01:00:00','student.booking.request.sent','{\"message_enum\":\"student.booking.request.sent\",\"params\":{\"teacher_user_id\":\"4\",\"student_user_id\":5,\"datetime\":\"2013-01-30 01:00:00\",\"name\":\"paid live subject\",\"user_lesson_id\":20}}','[\"\\/\"]',1),(151,5,4,'Eldad Yamin accepted you\'r request for \"paid live subject\" on 2013-01-30 01:00:00','teacher.booking.request.accepted','{\"message_enum\":\"teacher.booking.request.accepted\",\"params\":{\"user_lesson_id\":\"20\",\"teacher_user_id\":\"4\",\"student_user_id\":\"5\",\"datetime\":\"2013-01-30 01:00:00\",\"name\":\"paid live subject\"}}','[\"\\/\"]',1),(152,4,5,'Sivan Yamin requesting \"paid live subject\" on 2013-01-24 01:00:00','student.booking.request.sent','{\"message_enum\":\"student.booking.request.sent\",\"params\":{\"teacher_user_id\":\"4\",\"student_user_id\":5,\"datetime\":\"2013-01-24 01:00:00\",\"name\":\"paid live subject\",\"user_lesson_id\":21}}','[\"\\/\"]',1),(153,5,4,'Eldad Yamin accepted you\'r request for \"paid live subject\" on 2013-01-24 01:00:00','teacher.booking.request.accepted','{\"message_enum\":\"teacher.booking.request.accepted\",\"params\":{\"user_lesson_id\":\"21\",\"teacher_user_id\":\"4\",\"student_user_id\":\"5\",\"datetime\":\"2013-01-24 01:00:00\",\"name\":\"paid live subject\"}}','[\"\\/\"]',1),(154,4,5,'Sivan Yamin requesting \"paid live subject\" on 2013-01-31 01:00:00','student.booking.request.sent','{\"message_enum\":\"student.booking.request.sent\",\"params\":{\"teacher_user_id\":\"4\",\"student_user_id\":5,\"datetime\":\"2013-01-31 01:00:00\",\"name\":\"paid live subject\",\"user_lesson_id\":22}}','[\"\\/\"]',1),(155,5,4,'Eldad Yamin accepted you\'r request for \"paid live subject\" on 2013-01-31 01:00:00','teacher.booking.request.accepted','{\"message_enum\":\"teacher.booking.request.accepted\",\"params\":{\"user_lesson_id\":\"22\",\"teacher_user_id\":\"4\",\"student_user_id\":\"5\",\"datetime\":\"2013-01-31 01:00:00\",\"name\":\"paid live subject\"}}','[\"\\/\"]',1),(156,4,5,'Sivan Yamin requesting \"paid live subject\" on 2013-01-21 01:00:00','student.booking.request.sent','{\"message_enum\":\"student.booking.request.sent\",\"params\":{\"teacher_user_id\":\"4\",\"student_user_id\":5,\"datetime\":\"2013-01-21 01:00:00\",\"name\":\"paid live subject\",\"user_lesson_id\":23}}','[\"\\/\"]',1),(157,5,4,'Eldad Yamin accepted you\'r request for \"paid live subject\" on 2013-01-21 01:00:00','teacher.booking.request.accepted','{\"message_enum\":\"teacher.booking.request.accepted\",\"params\":{\"user_lesson_id\":\"23\",\"teacher_user_id\":\"4\",\"student_user_id\":\"5\",\"datetime\":\"2013-01-21 01:00:00\",\"name\":\"paid live subject\"}}','[\"\\/\"]',1),(158,4,5,'Sivan Yamin requesting \"paid live subject\" on 2013-01-22 15:00:00','student.booking.request.sent','{\"message_enum\":\"student.booking.request.sent\",\"params\":{\"teacher_user_id\":\"4\",\"student_user_id\":5,\"datetime\":\"2013-01-22 15:00:00\",\"name\":\"paid live subject\",\"user_lesson_id\":24}}','[\"\\/\"]',1),(159,5,4,'Eldad Yamin accepted you\'r request for \"paid live subject\" on 2013-01-22 15:00:00','teacher.booking.request.accepted','{\"message_enum\":\"teacher.booking.request.accepted\",\"params\":{\"user_lesson_id\":\"24\",\"teacher_user_id\":\"4\",\"student_user_id\":\"5\",\"datetime\":\"2013-01-22 15:00:00\",\"name\":\"paid live subject\"}}','[\"\\/\"]',1),(160,4,5,'Sivan Yamin requesting \"paid live subject\" on 2013-01-28 13:00:00','student.booking.request.sent','{\"message_enum\":\"student.booking.request.sent\",\"params\":{\"teacher_user_id\":\"4\",\"student_user_id\":5,\"datetime\":\"2013-01-28 13:00:00\",\"name\":\"paid live subject\",\"user_lesson_id\":28}}','[\"\\/\"]',1),(161,5,4,'Eldad Yamin accepted you\'r request for \"paid live subject\" on 2013-01-28 13:00:00','teacher.booking.request.accepted','{\"message_enum\":\"teacher.booking.request.accepted\",\"params\":{\"user_lesson_id\":\"28\",\"teacher_user_id\":\"4\",\"student_user_id\":\"5\",\"datetime\":\"2013-01-28 13:00:00\",\"name\":\"paid live subject\"}}','[\"\\/\"]',1);

/*Data for the table `payment_info` */

/*Data for the table `pending_user_lessons` */

insert  into `pending_user_lessons`(`pending_user_lesson_id`,`user_lesson_id`,`status`,`action`,`teacher_lesson_id`,`subject_id`,`teacher_user_id`,`student_user_id`,`datetime`,`duration_minutes`,`1_on_1_price`,`max_students`,`full_group_total_price`,`extra`,`reverse_stage`,`version`) values (1,6,'EXECUTED','order',NULL,7,NULL,5,'2013-01-20 22:00:00',NULL,5,NULL,NULL,'{\"is_public\":\"1\"}',0,NULL),(2,7,'ACTIVE','order',NULL,7,NULL,5,'2013-01-21 16:00:00',NULL,5,NULL,NULL,'{\"is_public\":\"1\"}',0,NULL),(3,8,'ACTIVE','order',NULL,7,NULL,5,'2013-01-22 23:00:00',NULL,5,NULL,NULL,'{\"is_public\":\"1\"}',0,NULL),(4,9,'ACTIVE','order',NULL,7,NULL,5,'2013-01-22 23:00:00',NULL,5,NULL,NULL,'{\"is_public\":\"1\"}',0,NULL),(5,10,'ACTIVE','order',NULL,7,NULL,5,'2013-01-22 23:00:00',NULL,5,NULL,NULL,'{\"is_public\":\"1\"}',0,NULL),(6,11,'ACTIVE','order',NULL,7,NULL,5,'2013-01-23 15:00:00',NULL,5,NULL,NULL,'{\"is_public\":\"1\"}',0,NULL),(7,12,'ACTIVE','order',NULL,7,NULL,5,'2013-01-22 16:00:00',NULL,5,NULL,NULL,'{\"is_public\":\"1\"}',0,NULL),(8,13,'EXECUTED','order',NULL,7,NULL,5,'2013-01-23 15:00:00',NULL,5,NULL,NULL,'{\"is_public\":\"1\"}',0,NULL),(9,14,'EXECUTED','order',NULL,7,NULL,5,'2013-01-23 01:00:00',NULL,5,NULL,NULL,'{\"is_public\":\"1\"}',0,NULL),(10,15,'EXECUTED','order',NULL,7,NULL,5,'2013-01-24 13:00:00',NULL,5,NULL,NULL,'{\"is_public\":\"1\"}',0,NULL),(11,16,'EXECUTED','order',NULL,7,NULL,5,'2013-01-22 23:00:00',NULL,5,NULL,NULL,'{\"is_public\":\"1\"}',0,NULL),(12,17,'EXECUTED','order',NULL,7,NULL,5,'2013-01-24 23:00:00',NULL,5,NULL,NULL,'{\"is_public\":\"1\"}',0,NULL),(13,18,'EXECUTED','order',NULL,7,NULL,5,'2013-01-23 23:00:00',NULL,5,NULL,NULL,'{\"is_public\":\"1\"}',0,NULL),(14,19,'EXECUTED','order',NULL,7,NULL,5,'2013-01-25 23:00:00',NULL,5,NULL,NULL,'{\"is_public\":\"1\"}',0,NULL),(15,20,'EXECUTED','order',NULL,7,NULL,5,'2013-01-29 23:00:00',NULL,5,NULL,NULL,'{\"is_public\":\"1\"}',0,NULL),(16,21,'EXECUTED','order',NULL,7,NULL,5,'2013-01-23 23:00:00',NULL,5,NULL,NULL,'{\"is_public\":\"1\"}',0,NULL),(17,22,'EXECUTED','order',NULL,7,NULL,5,'2013-01-30 23:00:00',NULL,5,NULL,NULL,'{\"is_public\":\"1\"}',0,NULL),(18,23,'EXECUTED','order',NULL,7,NULL,5,'2013-01-20 23:00:00',NULL,5,NULL,NULL,'{\"is_public\":\"1\"}',0,NULL),(19,24,'EXECUTED','order',NULL,7,NULL,5,'2013-01-22 13:00:00',NULL,5,NULL,NULL,'{\"is_public\":\"1\"}',0,NULL),(20,25,'ACTIVE','order',NULL,7,NULL,5,'2013-01-30 23:00:00',NULL,5,NULL,NULL,'{\"is_public\":null}',0,NULL),(21,26,'ACTIVE','order',NULL,7,NULL,5,'2013-01-27 23:00:00',NULL,5,NULL,NULL,'{\"is_public\":null}',0,NULL),(22,27,'ACTIVE','order',NULL,7,NULL,5,'2013-01-26 23:00:00',NULL,5,NULL,NULL,'{\"is_public\":\"1\"}',0,NULL),(23,28,'EXECUTED','order',NULL,7,NULL,5,'2013-01-28 11:00:00',NULL,5,NULL,NULL,'{\"is_public\":\"0\"}',0,NULL);

/*Data for the table `student_tests` */

/*Data for the table `subject_catalog` */

/*Data for the table `subject_categories` */

insert  into `subject_categories`(`subject_category_id`,`parent_subject_category_id`,`path`,`name`,`description`,`forum_id`,`deep`) values (2,0,NULL,'Spirituality','about spirituality',NULL,1),(3,2,'2','Astrology','Astrology',NULL,2),(4,3,'2,3','Chinese Astrology','Chinese Astrology',NULL,3),(5,3,'2,3','Vedic Astrology','Vedic Astrology',NULL,3),(6,2,'2','Graphology','Graphology',NULL,2),(7,0,NULL,'Computers','Computers',NULL,1),(8,7,'7','Applications','Applications',NULL,2),(9,8,'7,8','CAD','CAD',NULL,3),(10,8,'7,8','SAP','SAP',NULL,3),(11,7,'7','Databases','Databases',NULL,2),(12,11,'7,11','MySQL','MySQL',NULL,3),(13,11,'7,11','NoSQL','NoSQL',NULL,3);

/*Data for the table `subject_categories_i18n` */

insert  into `subject_categories_i18n`(`id`,`locale`,`model`,`foreign_key`,`field`,`content`) values (9,'eng','SubjectCategory',2,'name','Spirituality'),(10,'eng','SubjectCategory',2,'description','about spirituality'),(11,'eng','SubjectCategory',3,'name','Astrology'),(12,'eng','SubjectCategory',3,'description','Astrology'),(13,'eng','SubjectCategory',4,'name','Chinese Astrology'),(14,'eng','SubjectCategory',4,'description','Chinese Astrology'),(15,'eng','SubjectCategory',5,'name','Vedic Astrology'),(16,'eng','SubjectCategory',5,'description','Vedic Astrology'),(17,'eng','SubjectCategory',6,'name','Graphology'),(18,'eng','SubjectCategory',6,'description','Graphology'),(19,'eng','SubjectCategory',7,'name','Computers'),(20,'eng','SubjectCategory',7,'description','Computers'),(21,'eng','SubjectCategory',8,'name','Applications'),(22,'eng','SubjectCategory',8,'description','Applications'),(23,'eng','SubjectCategory',9,'name','CAD'),(24,'eng','SubjectCategory',9,'description','CAD'),(25,'eng','SubjectCategory',10,'name','SAP'),(26,'eng','SubjectCategory',10,'description','SAP'),(27,'eng','SubjectCategory',11,'name','Databases'),(28,'eng','SubjectCategory',11,'description','Databases'),(29,'eng','SubjectCategory',12,'name','MySQL'),(30,'eng','SubjectCategory',12,'description','MySQL'),(31,'eng','SubjectCategory',13,'name','NoSQL'),(32,'eng','SubjectCategory',13,'description','NoSQL'),(33,'heb','SubjectCategory',13,'name','מייאסקיואל'),(34,'heb','SubjectCategory',13,'description','נואקסקיואל');

/*Data for the table `subjects` */

insert  into `subjects`(`subject_id`,`user_id`,`type`,`lesson_type`,`subject_category_id`,`catalog_id`,`forum_id`,`root_file_system_id`,`user_upload_root_file_system_id`,`name`,`video_source`,`image`,`image_source`,`image_resize`,`image_crop_38x38`,`image_crop_58x58`,`image_crop_60x60`,`image_crop_63x63`,`image_crop_72x72`,`image_crop_78x78`,`image_crop_80x80`,`image_crop_100x100`,`image_crop_128x95`,`image_crop_149x182`,`image_crop_200x210`,`image_crop_436x214`,`is_enable`,`description`,`language`,`is_public`,`duration_minutes`,`total_lessons`,`students_amount`,`raters_amount`,`avarage_rating`,`1_on_1_price`,`max_students`,`full_group_student_price`,`full_group_total_price`,`creation_stage`,`is_locked`,`lock_ends`,`created`,`modified`) values (1,4,1,'video',4,NULL,NULL,1,2,'video subject1','/vid/subjects/about_videos/\\50df04a5-a00c-4ed4-8510-1768ded5dd25/50df04a5-a00c-4ed4-8510-1768ded5dd25.mp4',2,'/img/subjects/\\50df04a4-7440-4812-a923-1768ded5dd25/50df04a4-7440-4812-a923-1768ded5dd25.jpg','/img/subjects/\\50df04a4-7440-4812-a923-1768ded5dd25/50df04a4-7440-4812-a923-1768ded5dd25_resize.jpg','/img/subjects/\\50df04a4-7440-4812-a923-1768ded5dd25/50df04a4-7440-4812-a923-1768ded5dd25_38x38.jpg','/img/subjects/\\50df04a4-7440-4812-a923-1768ded5dd25/50df04a4-7440-4812-a923-1768ded5dd25_58x58.jpg','/img/subjects/\\50df04a4-7440-4812-a923-1768ded5dd25/50df04a4-7440-4812-a923-1768ded5dd25_60x60.jpg','/img/subjects/\\50df04a4-7440-4812-a923-1768ded5dd25/50df04a4-7440-4812-a923-1768ded5dd25_63x63.jpg','/img/subjects/\\50df04a4-7440-4812-a923-1768ded5dd25/50df04a4-7440-4812-a923-1768ded5dd25_72x72.jpg','/img/subjects/\\50df04a4-7440-4812-a923-1768ded5dd25/50df04a4-7440-4812-a923-1768ded5dd25_78x78.jpg','/img/subjects/\\50df04a4-7440-4812-a923-1768ded5dd25/50df04a4-7440-4812-a923-1768ded5dd25_80x80.jpg','/img/subjects/\\50df04a4-7440-4812-a923-1768ded5dd25/50df04a4-7440-4812-a923-1768ded5dd25_100x100.jpg','/img/subjects/\\50df04a4-7440-4812-a923-1768ded5dd25/50df04a4-7440-4812-a923-1768ded5dd25_128x95.jpg','/img/subjects/\\50df04a4-7440-4812-a923-1768ded5dd25/50df04a4-7440-4812-a923-1768ded5dd25_149x182.jpg','/img/subjects/\\50df04a4-7440-4812-a923-1768ded5dd25/50df04a4-7440-4812-a923-1768ded5dd25_200x210.jpg','/img/subjects/\\50df04a4-7440-4812-a923-1768ded5dd25/50df04a4-7440-4812-a923-1768ded5dd25_436x214.jpg',1,'my new video subject','eng',1,NULL,0,0,4,5,0,1,NULL,NULL,5,0,NULL,'2012-12-29 14:54:14','2013-01-05 19:59:09'),(2,4,1,'live',7,NULL,NULL,4,5,'live subject2','/vid/subjects/about_videos/\\50e83ff8-3948-443d-bd71-ae10ded5dd25/50e83ff8-3948-443d-bd71-ae10ded5dd25.mp4',2,'/img/subjects/\\50e83fb9-0f48-4f96-bb04-5db4ded5dd25/50e83fb9-0f48-4f96-bb04-5db4ded5dd25.jpg','/img/subjects/\\50e83fb9-0f48-4f96-bb04-5db4ded5dd25/50e83fb9-0f48-4f96-bb04-5db4ded5dd25_resize.jpg','/img/subjects/\\50e83fb9-0f48-4f96-bb04-5db4ded5dd25/50e83fb9-0f48-4f96-bb04-5db4ded5dd25_38x38.jpg','/img/subjects/\\50e83fb9-0f48-4f96-bb04-5db4ded5dd25/50e83fb9-0f48-4f96-bb04-5db4ded5dd25_58x58.jpg','/img/subjects/\\50e83fb9-0f48-4f96-bb04-5db4ded5dd25/50e83fb9-0f48-4f96-bb04-5db4ded5dd25_60x60.jpg','/img/subjects/\\50e83fb9-0f48-4f96-bb04-5db4ded5dd25/50e83fb9-0f48-4f96-bb04-5db4ded5dd25_63x63.jpg','/img/subjects/\\50e83fb9-0f48-4f96-bb04-5db4ded5dd25/50e83fb9-0f48-4f96-bb04-5db4ded5dd25_72x72.jpg','/img/subjects/\\50e83fb9-0f48-4f96-bb04-5db4ded5dd25/50e83fb9-0f48-4f96-bb04-5db4ded5dd25_78x78.jpg','/img/subjects/\\50e83fb9-0f48-4f96-bb04-5db4ded5dd25/50e83fb9-0f48-4f96-bb04-5db4ded5dd25_80x80.jpg','/img/subjects/\\50e83fb9-0f48-4f96-bb04-5db4ded5dd25/50e83fb9-0f48-4f96-bb04-5db4ded5dd25_100x100.jpg','/img/subjects/\\50e83fb9-0f48-4f96-bb04-5db4ded5dd25/50e83fb9-0f48-4f96-bb04-5db4ded5dd25_128x95.jpg','/img/subjects/\\50e83fb9-0f48-4f96-bb04-5db4ded5dd25/50e83fb9-0f48-4f96-bb04-5db4ded5dd25_149x182.jpg','/img/subjects/\\50e83fb9-0f48-4f96-bb04-5db4ded5dd25/50e83fb9-0f48-4f96-bb04-5db4ded5dd25_200x210.jpg','/img/subjects/\\50e83fb9-0f48-4f96-bb04-5db4ded5dd25/50e83fb9-0f48-4f96-bb04-5db4ded5dd25_436x214.jpg',1,'my live subject','eng',1,60,0,0,4,5,0,1,NULL,NULL,5,0,NULL,'2012-12-29 14:55:45','2013-01-05 19:58:57'),(3,4,2,'live',2,NULL,NULL,NULL,NULL,'sup?!',NULL,0,NULL,NULL,NULL,NULL,NULL,NULL,NULL,NULL,NULL,NULL,NULL,NULL,NULL,NULL,1,'hiii. I\'d like to..','afr',1,20,0,0,0,0,0,1,NULL,NULL,5,0,NULL,'2013-01-04 14:02:18','2013-01-07 20:14:01'),(4,4,2,'live',2,NULL,NULL,NULL,NULL,'fdsfdsf dsf sd ds ',NULL,0,NULL,NULL,NULL,NULL,NULL,NULL,NULL,NULL,NULL,NULL,NULL,NULL,NULL,NULL,1,'ds f sdf sdf dsf sdf sdf sd','afr',1,33,0,0,0,0,0,1,NULL,NULL,5,0,NULL,'2013-01-04 14:02:29','2013-01-04 14:02:29'),(5,4,2,'live',2,NULL,NULL,NULL,NULL,' dsf sdf ds fsd fsdzzzz',NULL,0,NULL,NULL,NULL,NULL,NULL,NULL,NULL,NULL,NULL,NULL,NULL,NULL,NULL,NULL,1,'d f dsf dfqrefq34rfererqfqerfqeewfwefsdasd','afr',1,44,0,0,0,0,0,1,NULL,NULL,5,0,NULL,'2013-01-04 14:02:41','2013-01-04 14:06:22'),(6,4,2,'live',2,NULL,NULL,NULL,NULL,'דגמישחלג חדש',NULL,0,NULL,NULL,NULL,NULL,NULL,NULL,NULL,NULL,NULL,NULL,NULL,NULL,NULL,NULL,1,'גדןחכ דןכן גדחןםגדןדם','afr',1,40,0,0,0,0,0,1,NULL,NULL,5,0,NULL,'2013-01-07 18:30:49','2013-01-07 18:30:49'),(7,4,1,'live',2,NULL,NULL,9,10,'paid live subject',NULL,0,NULL,NULL,NULL,NULL,NULL,NULL,NULL,NULL,NULL,NULL,NULL,NULL,NULL,NULL,1,'paid live subject','eng',1,59,0,0,0,0,5,1,NULL,NULL,5,0,NULL,'2013-01-19 14:46:46','2013-01-19 14:47:03');

/*Data for the table `teacher_about_videos` */

insert  into `teacher_about_videos`(`teacher_about_video_id`,`teacher_user_id`,`video_source`,`language`,`created`) values (13,4,'/vid/teachers/about_videos/\\50da21bd-777c-455c-9961-0c18ded5dd25/50da21bd-777c-455c-9961-0c18ded5dd25.mp4','eng','2012-12-25 21:59:25');

/*Data for the table `teacher_certificates` */

/*Data for the table `teacher_lessons` */

insert  into `teacher_lessons`(`teacher_lesson_id`,`subject_id`,`request_subject_id`,`teacher_user_id`,`student_user_id`,`datetime`,`end_datetime`,`subject_category_id`,`forum_id`,`lesson_type`,`is_public`,`is_deleted`,`name`,`description`,`image`,`image_source`,`image_resize`,`image_crop_38x38`,`image_crop_58x58`,`image_crop_60x60`,`image_crop_63x63`,`image_crop_72x72`,`image_crop_78x78`,`image_crop_80x80`,`image_crop_100x100`,`image_crop_128x95`,`image_crop_149x182`,`image_crop_200x210`,`image_crop_436x214`,`language`,`duration_minutes`,`1_on_1_price`,`max_students`,`full_group_student_price`,`full_group_total_price`,`num_of_pending_join_requests`,`num_of_students`,`num_of_pending_invitations`,`notification_status`,`payment_status`,`payment_success_transactions_count`,`payment_per_student_price`,`payment_per_student_commission`,`rating_status`,`is_locked`,`lock_ends`) values (1,2,NULL,4,NULL,'2013-01-29 14:00:00','2013-01-29 15:00:00',7,NULL,'live',1,0,'live subject','my live subject',2,'/img/subjects/\\50e83fb9-0f48-4f96-bb04-5db4ded5dd25/50e83fb9-0f48-4f96-bb04-5db4ded5dd25.jpg','/img/subjects/\\50e83fb9-0f48-4f96-bb04-5db4ded5dd25/50e83fb9-0f48-4f96-bb04-5db4ded5dd25_resize.jpg','/img/subjects/\\50e83fb9-0f48-4f96-bb04-5db4ded5dd25/50e83fb9-0f48-4f96-bb04-5db4ded5dd25_38x38.jpg','/img/subjects/\\50e83fb9-0f48-4f96-bb04-5db4ded5dd25/50e83fb9-0f48-4f96-bb04-5db4ded5dd25_58x58.jpg','/img/subjects/\\50e83fb9-0f48-4f96-bb04-5db4ded5dd25/50e83fb9-0f48-4f96-bb04-5db4ded5dd25_60x60.jpg','/img/subjects/\\50e83fb9-0f48-4f96-bb04-5db4ded5dd25/50e83fb9-0f48-4f96-bb04-5db4ded5dd25_63x63.jpg','/img/subjects/\\50e83fb9-0f48-4f96-bb04-5db4ded5dd25/50e83fb9-0f48-4f96-bb04-5db4ded5dd25_72x72.jpg','/img/subjects/\\50e83fb9-0f48-4f96-bb04-5db4ded5dd25/50e83fb9-0f48-4f96-bb04-5db4ded5dd25_78x78.jpg','/img/subjects/\\50e83fb9-0f48-4f96-bb04-5db4ded5dd25/50e83fb9-0f48-4f96-bb04-5db4ded5dd25_80x80.jpg','/img/subjects/\\50e83fb9-0f48-4f96-bb04-5db4ded5dd25/50e83fb9-0f48-4f96-bb04-5db4ded5dd25_100x100.jpg','/img/subjects/\\50e83fb9-0f48-4f96-bb04-5db4ded5dd25/50e83fb9-0f48-4f96-bb04-5db4ded5dd25_128x95.jpg','/img/subjects/\\50e83fb9-0f48-4f96-bb04-5db4ded5dd25/50e83fb9-0f48-4f96-bb04-5db4ded5dd25_149x182.jpg','/img/subjects/\\50e83fb9-0f48-4f96-bb04-5db4ded5dd25/50e83fb9-0f48-4f96-bb04-5db4ded5dd25_200x210.jpg','/img/subjects/\\50e83fb9-0f48-4f96-bb04-5db4ded5dd25/50e83fb9-0f48-4f96-bb04-5db4ded5dd25_436x214.jpg','eng',60,0,1,NULL,NULL,5,0,0,0,0,0,NULL,NULL,0,0,'2012-12-29 17:00:34'),(5,1,NULL,4,13,NULL,NULL,4,NULL,'video',0,0,'video subject','my new video subject',2,'/img/subjects/\\50df04a4-7440-4812-a923-1768ded5dd25/50df04a4-7440-4812-a923-1768ded5dd25.jpg','/img/subjects/\\50df04a4-7440-4812-a923-1768ded5dd25/50df04a4-7440-4812-a923-1768ded5dd25_resize.jpg','/img/subjects/\\50df04a4-7440-4812-a923-1768ded5dd25/50df04a4-7440-4812-a923-1768ded5dd25_38x38.jpg','/img/subjects/\\50df04a4-7440-4812-a923-1768ded5dd25/50df04a4-7440-4812-a923-1768ded5dd25_58x58.jpg','/img/subjects/\\50df04a4-7440-4812-a923-1768ded5dd25/50df04a4-7440-4812-a923-1768ded5dd25_60x60.jpg','/img/subjects/\\50df04a4-7440-4812-a923-1768ded5dd25/50df04a4-7440-4812-a923-1768ded5dd25_63x63.jpg','/img/subjects/\\50df04a4-7440-4812-a923-1768ded5dd25/50df04a4-7440-4812-a923-1768ded5dd25_72x72.jpg','/img/subjects/\\50df04a4-7440-4812-a923-1768ded5dd25/50df04a4-7440-4812-a923-1768ded5dd25_78x78.jpg','/img/subjects/\\50df04a4-7440-4812-a923-1768ded5dd25/50df04a4-7440-4812-a923-1768ded5dd25_80x80.jpg',NULL,NULL,'/img/subjects/\\50df04a4-7440-4812-a923-1768ded5dd25/50df04a4-7440-4812-a923-1768ded5dd25_149x182.jpg','/img/subjects/\\50df04a4-7440-4812-a923-1768ded5dd25/50df04a4-7440-4812-a923-1768ded5dd25_200x210.jpg','/img/subjects/\\50df04a4-7440-4812-a923-1768ded5dd25/50df04a4-7440-4812-a923-1768ded5dd25_436x214.jpg','eng',NULL,0,1,NULL,NULL,0,1,0,0,0,0,NULL,NULL,0,0,'2012-12-29 23:39:09'),(6,1,NULL,4,13,NULL,NULL,4,NULL,'video',0,0,'video subject','my new video subject',2,'/img/subjects/\\50df04a4-7440-4812-a923-1768ded5dd25/50df04a4-7440-4812-a923-1768ded5dd25.jpg','/img/subjects/\\50df04a4-7440-4812-a923-1768ded5dd25/50df04a4-7440-4812-a923-1768ded5dd25_resize.jpg','/img/subjects/\\50df04a4-7440-4812-a923-1768ded5dd25/50df04a4-7440-4812-a923-1768ded5dd25_38x38.jpg','/img/subjects/\\50df04a4-7440-4812-a923-1768ded5dd25/50df04a4-7440-4812-a923-1768ded5dd25_58x58.jpg','/img/subjects/\\50df04a4-7440-4812-a923-1768ded5dd25/50df04a4-7440-4812-a923-1768ded5dd25_60x60.jpg','/img/subjects/\\50df04a4-7440-4812-a923-1768ded5dd25/50df04a4-7440-4812-a923-1768ded5dd25_63x63.jpg','/img/subjects/\\50df04a4-7440-4812-a923-1768ded5dd25/50df04a4-7440-4812-a923-1768ded5dd25_72x72.jpg','/img/subjects/\\50df04a4-7440-4812-a923-1768ded5dd25/50df04a4-7440-4812-a923-1768ded5dd25_78x78.jpg','/img/subjects/\\50df04a4-7440-4812-a923-1768ded5dd25/50df04a4-7440-4812-a923-1768ded5dd25_80x80.jpg',NULL,NULL,'/img/subjects/\\50df04a4-7440-4812-a923-1768ded5dd25/50df04a4-7440-4812-a923-1768ded5dd25_149x182.jpg','/img/subjects/\\50df04a4-7440-4812-a923-1768ded5dd25/50df04a4-7440-4812-a923-1768ded5dd25_200x210.jpg','/img/subjects/\\50df04a4-7440-4812-a923-1768ded5dd25/50df04a4-7440-4812-a923-1768ded5dd25_436x214.jpg','eng',NULL,0,1,NULL,NULL,0,1,0,0,0,0,NULL,NULL,0,0,'2012-12-29 23:40:01'),(7,1,NULL,4,13,NULL,NULL,4,NULL,'video',0,0,'video subject','my new video subject',2,'/img/subjects/\\50df04a4-7440-4812-a923-1768ded5dd25/50df04a4-7440-4812-a923-1768ded5dd25.jpg','/img/subjects/\\50df04a4-7440-4812-a923-1768ded5dd25/50df04a4-7440-4812-a923-1768ded5dd25_resize.jpg','/img/subjects/\\50df04a4-7440-4812-a923-1768ded5dd25/50df04a4-7440-4812-a923-1768ded5dd25_38x38.jpg','/img/subjects/\\50df04a4-7440-4812-a923-1768ded5dd25/50df04a4-7440-4812-a923-1768ded5dd25_58x58.jpg','/img/subjects/\\50df04a4-7440-4812-a923-1768ded5dd25/50df04a4-7440-4812-a923-1768ded5dd25_60x60.jpg','/img/subjects/\\50df04a4-7440-4812-a923-1768ded5dd25/50df04a4-7440-4812-a923-1768ded5dd25_63x63.jpg','/img/subjects/\\50df04a4-7440-4812-a923-1768ded5dd25/50df04a4-7440-4812-a923-1768ded5dd25_72x72.jpg','/img/subjects/\\50df04a4-7440-4812-a923-1768ded5dd25/50df04a4-7440-4812-a923-1768ded5dd25_78x78.jpg','/img/subjects/\\50df04a4-7440-4812-a923-1768ded5dd25/50df04a4-7440-4812-a923-1768ded5dd25_80x80.jpg',NULL,NULL,'/img/subjects/\\50df04a4-7440-4812-a923-1768ded5dd25/50df04a4-7440-4812-a923-1768ded5dd25_149x182.jpg','/img/subjects/\\50df04a4-7440-4812-a923-1768ded5dd25/50df04a4-7440-4812-a923-1768ded5dd25_200x210.jpg','/img/subjects/\\50df04a4-7440-4812-a923-1768ded5dd25/50df04a4-7440-4812-a923-1768ded5dd25_436x214.jpg','eng',NULL,0,1,NULL,NULL,0,1,0,0,0,0,NULL,NULL,0,0,'2012-12-29 23:41:20'),(8,1,NULL,4,13,'2012-12-29 23:17:43','2012-12-31 23:17:43',4,NULL,'video',0,0,'video subject','my new video subject',2,'/img/subjects/\\50df04a4-7440-4812-a923-1768ded5dd25/50df04a4-7440-4812-a923-1768ded5dd25.jpg','/img/subjects/\\50df04a4-7440-4812-a923-1768ded5dd25/50df04a4-7440-4812-a923-1768ded5dd25_resize.jpg','/img/subjects/\\50df04a4-7440-4812-a923-1768ded5dd25/50df04a4-7440-4812-a923-1768ded5dd25_38x38.jpg','/img/subjects/\\50df04a4-7440-4812-a923-1768ded5dd25/50df04a4-7440-4812-a923-1768ded5dd25_58x58.jpg','/img/subjects/\\50df04a4-7440-4812-a923-1768ded5dd25/50df04a4-7440-4812-a923-1768ded5dd25_60x60.jpg','/img/subjects/\\50df04a4-7440-4812-a923-1768ded5dd25/50df04a4-7440-4812-a923-1768ded5dd25_63x63.jpg','/img/subjects/\\50df04a4-7440-4812-a923-1768ded5dd25/50df04a4-7440-4812-a923-1768ded5dd25_72x72.jpg','/img/subjects/\\50df04a4-7440-4812-a923-1768ded5dd25/50df04a4-7440-4812-a923-1768ded5dd25_78x78.jpg','/img/subjects/\\50df04a4-7440-4812-a923-1768ded5dd25/50df04a4-7440-4812-a923-1768ded5dd25_80x80.jpg',NULL,NULL,'/img/subjects/\\50df04a4-7440-4812-a923-1768ded5dd25/50df04a4-7440-4812-a923-1768ded5dd25_149x182.jpg','/img/subjects/\\50df04a4-7440-4812-a923-1768ded5dd25/50df04a4-7440-4812-a923-1768ded5dd25_200x210.jpg','/img/subjects/\\50df04a4-7440-4812-a923-1768ded5dd25/50df04a4-7440-4812-a923-1768ded5dd25_436x214.jpg','eng',NULL,0,1,NULL,NULL,0,1,0,0,0,0,NULL,NULL,0,0,'2012-12-30 00:17:35'),(9,1,NULL,4,13,NULL,NULL,4,NULL,'video',0,0,'video subject','my new video subject',2,'/img/subjects/\\50df04a4-7440-4812-a923-1768ded5dd25/50df04a4-7440-4812-a923-1768ded5dd25.jpg','/img/subjects/\\50df04a4-7440-4812-a923-1768ded5dd25/50df04a4-7440-4812-a923-1768ded5dd25_resize.jpg','/img/subjects/\\50df04a4-7440-4812-a923-1768ded5dd25/50df04a4-7440-4812-a923-1768ded5dd25_38x38.jpg','/img/subjects/\\50df04a4-7440-4812-a923-1768ded5dd25/50df04a4-7440-4812-a923-1768ded5dd25_58x58.jpg','/img/subjects/\\50df04a4-7440-4812-a923-1768ded5dd25/50df04a4-7440-4812-a923-1768ded5dd25_60x60.jpg','/img/subjects/\\50df04a4-7440-4812-a923-1768ded5dd25/50df04a4-7440-4812-a923-1768ded5dd25_63x63.jpg','/img/subjects/\\50df04a4-7440-4812-a923-1768ded5dd25/50df04a4-7440-4812-a923-1768ded5dd25_72x72.jpg','/img/subjects/\\50df04a4-7440-4812-a923-1768ded5dd25/50df04a4-7440-4812-a923-1768ded5dd25_78x78.jpg','/img/subjects/\\50df04a4-7440-4812-a923-1768ded5dd25/50df04a4-7440-4812-a923-1768ded5dd25_80x80.jpg',NULL,NULL,'/img/subjects/\\50df04a4-7440-4812-a923-1768ded5dd25/50df04a4-7440-4812-a923-1768ded5dd25_149x182.jpg','/img/subjects/\\50df04a4-7440-4812-a923-1768ded5dd25/50df04a4-7440-4812-a923-1768ded5dd25_200x210.jpg','/img/subjects/\\50df04a4-7440-4812-a923-1768ded5dd25/50df04a4-7440-4812-a923-1768ded5dd25_436x214.jpg','eng',NULL,0,1,NULL,NULL,0,1,0,0,0,0,NULL,NULL,0,0,'2012-12-30 19:44:34'),(15,7,NULL,4,5,'2013-01-22 23:00:00','2013-01-22 23:59:00',2,NULL,'live',1,0,'paid live subject','paid live subject',0,NULL,NULL,NULL,NULL,NULL,NULL,NULL,NULL,NULL,NULL,NULL,NULL,NULL,NULL,'eng',59,5,1,NULL,NULL,0,1,0,0,2,0,NULL,NULL,0,0,'2013-01-19 20:53:01'),(16,7,NULL,4,5,'2013-01-24 23:00:00','2013-01-24 23:59:00',2,NULL,'live',1,0,'paid live subject','paid live subject',0,NULL,NULL,NULL,NULL,NULL,NULL,NULL,NULL,NULL,NULL,NULL,NULL,NULL,NULL,'eng',59,5,1,NULL,NULL,0,1,0,0,2,0,NULL,NULL,0,0,'2013-01-19 21:21:42'),(17,7,NULL,4,5,'2013-01-23 23:00:00','2013-01-23 23:59:00',2,NULL,'live',1,0,'paid live subject','paid live subject',0,NULL,NULL,NULL,NULL,NULL,NULL,NULL,NULL,NULL,NULL,NULL,NULL,NULL,NULL,'eng',59,5,1,NULL,NULL,0,1,0,0,2,0,NULL,NULL,0,0,'2013-01-20 00:12:27'),(18,7,NULL,4,5,'2013-01-25 23:00:00','2013-01-25 23:59:00',2,NULL,'live',1,0,'paid live subject','paid live subject',0,NULL,NULL,NULL,NULL,NULL,NULL,NULL,NULL,NULL,NULL,NULL,NULL,NULL,NULL,'eng',59,5,1,NULL,NULL,0,1,0,0,2,0,NULL,NULL,0,0,'2013-01-20 00:37:03'),(19,7,NULL,4,5,'2013-01-29 23:00:00','2013-01-29 23:59:00',2,NULL,'live',1,0,'paid live subject','paid live subject',0,NULL,NULL,NULL,NULL,NULL,NULL,NULL,NULL,NULL,NULL,NULL,NULL,NULL,NULL,'eng',59,5,1,NULL,NULL,0,1,0,0,2,0,NULL,NULL,0,0,'2013-01-20 01:04:26'),(20,7,NULL,4,5,'2013-01-23 23:00:00','2013-01-23 23:59:00',2,NULL,'live',1,0,'paid live subject','paid live subject',0,NULL,NULL,NULL,NULL,NULL,NULL,NULL,NULL,NULL,NULL,NULL,NULL,NULL,NULL,'eng',59,5,1,NULL,NULL,0,1,0,0,2,0,NULL,NULL,0,0,'2013-01-20 01:10:43'),(21,7,NULL,4,5,'2013-01-30 23:00:00','2013-01-30 23:59:00',2,NULL,'live',1,0,'paid live subject','paid live subject',0,NULL,NULL,NULL,NULL,NULL,NULL,NULL,NULL,NULL,NULL,NULL,NULL,NULL,NULL,'eng',59,5,1,NULL,NULL,0,1,0,0,2,0,NULL,NULL,0,0,'2013-01-20 15:00:42'),(22,7,NULL,4,5,'2013-01-20 23:00:00','2013-01-20 23:59:00',2,NULL,'live',1,0,'paid live subject','paid live subject',0,NULL,NULL,NULL,NULL,NULL,NULL,NULL,NULL,NULL,NULL,NULL,NULL,NULL,NULL,'eng',59,5,1,NULL,NULL,0,1,0,0,2,1,5,1,0,0,'2013-01-20 15:03:52'),(23,7,NULL,4,5,'2013-01-22 13:00:00','2013-01-22 13:59:00',2,NULL,'live',1,0,'paid live subject','paid live subject',0,NULL,NULL,NULL,NULL,NULL,NULL,NULL,NULL,NULL,NULL,NULL,NULL,NULL,NULL,'eng',59,5,1,NULL,NULL,0,1,0,0,2,1,5,1,0,0,'2013-01-20 15:10:30'),(24,7,NULL,4,5,'2013-01-28 11:00:00','2013-01-28 11:59:00',2,NULL,'live',0,0,'paid live subject','paid live subject',0,NULL,NULL,NULL,NULL,NULL,NULL,NULL,NULL,NULL,NULL,NULL,NULL,NULL,NULL,'eng',59,5,1,NULL,NULL,0,1,0,0,1,0,NULL,NULL,0,0,'2013-01-20 19:15:23');

/*Data for the table `tests` */

insert  into `tests`(`test_id`,`name`,`description`,`subject_id`,`questions`) values (1,'test 1','test 1 description',1,'[{\"qId\":\"0\",\"q\":\"how are you\",\"a\":[\"good\",\"fine\"],\"ra\":\"1\"}]');

/*Data for the table `threads` */

insert  into `threads`(`thread_id`,`by_user_id`,`by_user_type`,`by_user_unread_messages`,`by_user_visible`,`to_user_id`,`to_user_type`,`to_user_unread_messages`,`to_user_visible`,`entity_type`,`entity_id`,`title`,`messages`,`created`,`modified`) values (1,5,'teacher',0,1,4,'teacher',0,1,'subject',2,'live subject','[{\"user_id\":\"13\",\"message\":\"hi\",\"timestamp\":1356905135},{\"user_id\":\"4\",\"message\":\"Hi, I\'m good\\r\\nhow are you?\\r\\n\",\"timestamp\":1356905417}]','2012-12-30 22:05:35','2013-01-05 11:44:47'),(2,5,'teacher',0,1,4,'teacher',0,1,'subject',1,'video subject','[{\"user_id\":\"5\",\"message\":\"ddd\",\"timestamp\":1356905482},{\"user_id\":\"4\",\"message\":\"hiiii\\r\\n\",\"timestamp\":1356905536},{\"user_id\":\"5\",\"message\":\"hii\\r\\n\",\"timestamp\":1356905567},{\"user_id\":\"5\",\"message\":\"hhiii\\r\\nhi\\r\\n\",\"timestamp\":1356905572},{\"user_id\":\"5\",\"message\":\"guu\\r\\n\",\"timestamp\":1356905577},{\"user_id\":\"5\",\"message\":\"nuu\",\"timestamp\":1356905617},{\"user_id\":\"4\",\"message\":\"dfsdf\",\"timestamp\":1357324547}]','2012-12-30 22:11:22','2013-01-05 20:45:31'),(3,5,'teacher',0,1,4,'teacher',0,1,'user_lesson',1,'video subject','[{\"user_id\":\"4\",\"message\":\"ss\",\"timestamp\":1357308097},{\"user_id\":\"4\",\"message\":\"sfsd\\r\\n\",\"timestamp\":1357386185},{\"user_id\":\"5\",\"message\":\"hi\",\"timestamp\":1357386249},{\"user_id\":\"4\",\"message\":\"hi...\",\"timestamp\":1357386264}]','2013-01-04 14:01:37','2013-01-05 11:44:43');

/*Data for the table `user_lessons` */

insert  into `user_lessons`(`user_lesson_id`,`teacher_lesson_id`,`subject_id`,`request_subject_id`,`teacher_user_id`,`student_user_id`,`datetime`,`end_datetime`,`stage`,`subject_category_id`,`forum_id`,`root_file_system_id`,`is_public`,`lesson_type`,`name`,`description`,`image`,`image_source`,`image_resize`,`image_crop_38x38`,`image_crop_58x58`,`image_crop_60x60`,`image_crop_63x63`,`image_crop_72x72`,`image_crop_78x78`,`image_crop_80x80`,`image_crop_100x100`,`image_crop_128x95`,`image_crop_149x182`,`image_crop_200x210`,`image_crop_436x214`,`language`,`duration_minutes`,`offer_message`,`1_on_1_price`,`max_students`,`full_group_student_price`,`full_group_total_price`,`rating_by_student`,`comment_by_student`,`student_image`,`rating_by_teacher`,`comment_by_teacher`,`notification_status`,`payment_status`,`version`) values (1,NULL,1,NULL,4,4,'2013-12-30 18:48:59','2014-12-30 18:48:59',6,2,NULL,7,0,'video','video subject','my new video subject',2,'/img/subjects/\\50df04a4-7440-4812-a923-1768ded5dd25/50df04a4-7440-4812-a923-1768ded5dd25.jpg','/img/subjects/\\50df04a4-7440-4812-a923-1768ded5dd25/50df04a4-7440-4812-a923-1768ded5dd25_resize.jpg','/img/subjects/\\50df04a4-7440-4812-a923-1768ded5dd25/50df04a4-7440-4812-a923-1768ded5dd25_38x38.jpg','/img/subjects/\\50df04a4-7440-4812-a923-1768ded5dd25/50df04a4-7440-4812-a923-1768ded5dd25_58x58.jpg','/img/subjects/\\50df04a4-7440-4812-a923-1768ded5dd25/50df04a4-7440-4812-a923-1768ded5dd25_60x60.jpg','/img/subjects/\\50df04a4-7440-4812-a923-1768ded5dd25/50df04a4-7440-4812-a923-1768ded5dd25_63x63.jpg','/img/subjects/\\50df04a4-7440-4812-a923-1768ded5dd25/50df04a4-7440-4812-a923-1768ded5dd25_72x72.jpg','/img/subjects/\\50df04a4-7440-4812-a923-1768ded5dd25/50df04a4-7440-4812-a923-1768ded5dd25_78x78.jpg','/img/subjects/\\50df04a4-7440-4812-a923-1768ded5dd25/50df04a4-7440-4812-a923-1768ded5dd25_80x80.jpg',NULL,NULL,'/img/subjects/\\50df04a4-7440-4812-a923-1768ded5dd25/50df04a4-7440-4812-a923-1768ded5dd25_149x182.jpg','/img/subjects/\\50df04a4-7440-4812-a923-1768ded5dd25/50df04a4-7440-4812-a923-1768ded5dd25_200x210.jpg','/img/subjects/\\50df04a4-7440-4812-a923-1768ded5dd25/50df04a4-7440-4812-a923-1768ded5dd25_436x214.jpg','eng',NULL,'hi',0,1,NULL,NULL,5,'Great one, looking forward to the next one!',0,NULL,NULL,0,0,'50e9e1fd-8cd4-4e82-9c2e-a5d8ded5dd25'),(2,NULL,2,NULL,4,4,'2013-12-04 20:20:00','2014-12-30 18:48:59',6,1,NULL,NULL,1,'live','live subject','my live subject',2,'/img/subjects/\\50e83fb9-0f48-4f96-bb04-5db4ded5dd25/50e83fb9-0f48-4f96-bb04-5db4ded5dd25.jpg','/img/subjects/\\50e83fb9-0f48-4f96-bb04-5db4ded5dd25/50e83fb9-0f48-4f96-bb04-5db4ded5dd25_resize.jpg','/img/subjects/\\50e83fb9-0f48-4f96-bb04-5db4ded5dd25/50e83fb9-0f48-4f96-bb04-5db4ded5dd25_38x38.jpg','/img/subjects/\\50e83fb9-0f48-4f96-bb04-5db4ded5dd25/50e83fb9-0f48-4f96-bb04-5db4ded5dd25_58x58.jpg','/img/subjects/\\50e83fb9-0f48-4f96-bb04-5db4ded5dd25/50e83fb9-0f48-4f96-bb04-5db4ded5dd25_60x60.jpg','/img/subjects/\\50e83fb9-0f48-4f96-bb04-5db4ded5dd25/50e83fb9-0f48-4f96-bb04-5db4ded5dd25_63x63.jpg','/img/subjects/\\50e83fb9-0f48-4f96-bb04-5db4ded5dd25/50e83fb9-0f48-4f96-bb04-5db4ded5dd25_72x72.jpg','/img/subjects/\\50e83fb9-0f48-4f96-bb04-5db4ded5dd25/50e83fb9-0f48-4f96-bb04-5db4ded5dd25_78x78.jpg','/img/subjects/\\50e83fb9-0f48-4f96-bb04-5db4ded5dd25/50e83fb9-0f48-4f96-bb04-5db4ded5dd25_80x80.jpg','/img/subjects/\\50e83fb9-0f48-4f96-bb04-5db4ded5dd25/50e83fb9-0f48-4f96-bb04-5db4ded5dd25_100x100.jpg','/img/subjects/\\50e83fb9-0f48-4f96-bb04-5db4ded5dd25/50e83fb9-0f48-4f96-bb04-5db4ded5dd25_128x95.jpg','/img/subjects/\\50e83fb9-0f48-4f96-bb04-5db4ded5dd25/50e83fb9-0f48-4f96-bb04-5db4ded5dd25_149x182.jpg','/img/subjects/\\50e83fb9-0f48-4f96-bb04-5db4ded5dd25/50e83fb9-0f48-4f96-bb04-5db4ded5dd25_200x210.jpg','/img/subjects/\\50e83fb9-0f48-4f96-bb04-5db4ded5dd25/50e83fb9-0f48-4f96-bb04-5db4ded5dd25_436x214.jpg','eng',70,'hii!',0,1,NULL,NULL,5,'Great one, looking forward to the next one!',0,5,'Great one, looking forward to the next one!',0,0,'50e9e921-9d94-4e47-94c1-c394ded5dd25'),(3,NULL,2,NULL,4,5,'2013-01-18 16:00:00','2013-01-18 17:00:00',1,7,NULL,NULL,1,'live','live subject2','my live subject',2,'/img/subjects/\\50e83fb9-0f48-4f96-bb04-5db4ded5dd25/50e83fb9-0f48-4f96-bb04-5db4ded5dd25.jpg','/img/subjects/\\50e83fb9-0f48-4f96-bb04-5db4ded5dd25/50e83fb9-0f48-4f96-bb04-5db4ded5dd25_resize.jpg','/img/subjects/\\50e83fb9-0f48-4f96-bb04-5db4ded5dd25/50e83fb9-0f48-4f96-bb04-5db4ded5dd25_38x38.jpg','/img/subjects/\\50e83fb9-0f48-4f96-bb04-5db4ded5dd25/50e83fb9-0f48-4f96-bb04-5db4ded5dd25_58x58.jpg','/img/subjects/\\50e83fb9-0f48-4f96-bb04-5db4ded5dd25/50e83fb9-0f48-4f96-bb04-5db4ded5dd25_60x60.jpg','/img/subjects/\\50e83fb9-0f48-4f96-bb04-5db4ded5dd25/50e83fb9-0f48-4f96-bb04-5db4ded5dd25_63x63.jpg','/img/subjects/\\50e83fb9-0f48-4f96-bb04-5db4ded5dd25/50e83fb9-0f48-4f96-bb04-5db4ded5dd25_72x72.jpg','/img/subjects/\\50e83fb9-0f48-4f96-bb04-5db4ded5dd25/50e83fb9-0f48-4f96-bb04-5db4ded5dd25_78x78.jpg','/img/subjects/\\50e83fb9-0f48-4f96-bb04-5db4ded5dd25/50e83fb9-0f48-4f96-bb04-5db4ded5dd25_80x80.jpg',NULL,NULL,'/img/subjects/\\50e83fb9-0f48-4f96-bb04-5db4ded5dd25/50e83fb9-0f48-4f96-bb04-5db4ded5dd25_149x182.jpg','/img/subjects/\\50e83fb9-0f48-4f96-bb04-5db4ded5dd25/50e83fb9-0f48-4f96-bb04-5db4ded5dd25_200x210.jpg','/img/subjects/\\50e83fb9-0f48-4f96-bb04-5db4ded5dd25/50e83fb9-0f48-4f96-bb04-5db4ded5dd25_436x214.jpg','eng',60,NULL,0,1,NULL,NULL,NULL,NULL,0,NULL,NULL,0,0,'50f95d0e-4880-4c2f-b8e3-792cded5dd25'),(4,NULL,2,NULL,4,5,'2013-01-18 16:30:00','2013-01-18 17:30:00',6,7,NULL,NULL,1,'live','live subject2','my live subject',2,'/img/subjects/\\50e83fb9-0f48-4f96-bb04-5db4ded5dd25/50e83fb9-0f48-4f96-bb04-5db4ded5dd25.jpg','/img/subjects/\\50e83fb9-0f48-4f96-bb04-5db4ded5dd25/50e83fb9-0f48-4f96-bb04-5db4ded5dd25_resize.jpg','/img/subjects/\\50e83fb9-0f48-4f96-bb04-5db4ded5dd25/50e83fb9-0f48-4f96-bb04-5db4ded5dd25_38x38.jpg','/img/subjects/\\50e83fb9-0f48-4f96-bb04-5db4ded5dd25/50e83fb9-0f48-4f96-bb04-5db4ded5dd25_58x58.jpg','/img/subjects/\\50e83fb9-0f48-4f96-bb04-5db4ded5dd25/50e83fb9-0f48-4f96-bb04-5db4ded5dd25_60x60.jpg','/img/subjects/\\50e83fb9-0f48-4f96-bb04-5db4ded5dd25/50e83fb9-0f48-4f96-bb04-5db4ded5dd25_63x63.jpg','/img/subjects/\\50e83fb9-0f48-4f96-bb04-5db4ded5dd25/50e83fb9-0f48-4f96-bb04-5db4ded5dd25_72x72.jpg','/img/subjects/\\50e83fb9-0f48-4f96-bb04-5db4ded5dd25/50e83fb9-0f48-4f96-bb04-5db4ded5dd25_78x78.jpg','/img/subjects/\\50e83fb9-0f48-4f96-bb04-5db4ded5dd25/50e83fb9-0f48-4f96-bb04-5db4ded5dd25_80x80.jpg',NULL,NULL,'/img/subjects/\\50e83fb9-0f48-4f96-bb04-5db4ded5dd25/50e83fb9-0f48-4f96-bb04-5db4ded5dd25_149x182.jpg','/img/subjects/\\50e83fb9-0f48-4f96-bb04-5db4ded5dd25/50e83fb9-0f48-4f96-bb04-5db4ded5dd25_200x210.jpg','/img/subjects/\\50e83fb9-0f48-4f96-bb04-5db4ded5dd25/50e83fb9-0f48-4f96-bb04-5db4ded5dd25_436x214.jpg','eng',60,'',0,1,NULL,NULL,NULL,NULL,0,NULL,NULL,0,0,'50f969e2-90c4-4217-9b34-1ee8ded5dd25'),(5,NULL,2,NULL,4,5,'2013-01-19 01:13:00','2013-01-19 21:50:00',6,7,NULL,NULL,1,'live','live subject2','my live subject',2,'/img/subjects/\\50e83fb9-0f48-4f96-bb04-5db4ded5dd25/50e83fb9-0f48-4f96-bb04-5db4ded5dd25.jpg','/img/subjects/\\50e83fb9-0f48-4f96-bb04-5db4ded5dd25/50e83fb9-0f48-4f96-bb04-5db4ded5dd25_resize.jpg','/img/subjects/\\50e83fb9-0f48-4f96-bb04-5db4ded5dd25/50e83fb9-0f48-4f96-bb04-5db4ded5dd25_38x38.jpg','/img/subjects/\\50e83fb9-0f48-4f96-bb04-5db4ded5dd25/50e83fb9-0f48-4f96-bb04-5db4ded5dd25_58x58.jpg','/img/subjects/\\50e83fb9-0f48-4f96-bb04-5db4ded5dd25/50e83fb9-0f48-4f96-bb04-5db4ded5dd25_60x60.jpg','/img/subjects/\\50e83fb9-0f48-4f96-bb04-5db4ded5dd25/50e83fb9-0f48-4f96-bb04-5db4ded5dd25_63x63.jpg','/img/subjects/\\50e83fb9-0f48-4f96-bb04-5db4ded5dd25/50e83fb9-0f48-4f96-bb04-5db4ded5dd25_72x72.jpg','/img/subjects/\\50e83fb9-0f48-4f96-bb04-5db4ded5dd25/50e83fb9-0f48-4f96-bb04-5db4ded5dd25_78x78.jpg','/img/subjects/\\50e83fb9-0f48-4f96-bb04-5db4ded5dd25/50e83fb9-0f48-4f96-bb04-5db4ded5dd25_80x80.jpg',NULL,NULL,'/img/subjects/\\50e83fb9-0f48-4f96-bb04-5db4ded5dd25/50e83fb9-0f48-4f96-bb04-5db4ded5dd25_149x182.jpg','/img/subjects/\\50e83fb9-0f48-4f96-bb04-5db4ded5dd25/50e83fb9-0f48-4f96-bb04-5db4ded5dd25_200x210.jpg','/img/subjects/\\50e83fb9-0f48-4f96-bb04-5db4ded5dd25/50e83fb9-0f48-4f96-bb04-5db4ded5dd25_436x214.jpg','eng',60,'',0,1,NULL,NULL,NULL,NULL,0,NULL,NULL,0,0,'50f9e4f9-b2f8-4cbd-9aeb-6cf0ded5dd25'),(16,15,7,NULL,4,5,'2013-01-22 23:00:00','2013-01-22 23:59:00',7,2,NULL,15,1,'live','paid live subject','paid live subject',0,NULL,NULL,NULL,NULL,NULL,NULL,NULL,NULL,NULL,NULL,NULL,NULL,NULL,NULL,'eng',59,NULL,5,1,NULL,NULL,NULL,NULL,0,NULL,NULL,0,2,'50fafa3a-97a8-4f85-8027-0c68ded5dd25'),(17,16,7,NULL,4,5,'2013-01-24 23:00:00','2013-01-24 23:59:00',7,2,NULL,15,1,'live','paid live subject','paid live subject',0,NULL,NULL,NULL,NULL,NULL,NULL,NULL,NULL,NULL,NULL,NULL,NULL,NULL,NULL,'eng',59,NULL,5,1,NULL,NULL,NULL,NULL,0,NULL,NULL,0,2,'50fb0753-5584-4044-82e2-0b24ded5dd25'),(18,17,7,NULL,4,5,'2013-01-23 23:00:00','2013-01-23 23:59:00',7,2,NULL,15,1,'live','paid live subject','paid live subject',0,NULL,NULL,NULL,NULL,NULL,NULL,NULL,NULL,NULL,NULL,NULL,NULL,NULL,NULL,'eng',59,NULL,5,1,NULL,NULL,NULL,NULL,0,NULL,NULL,0,2,'50fb2dd4-cf4c-411e-9a52-5478ded5dd25'),(19,18,7,NULL,4,5,'2013-01-25 23:00:00','2013-01-25 23:59:00',7,2,NULL,15,1,'live','paid live subject','paid live subject',0,NULL,NULL,NULL,NULL,NULL,NULL,NULL,NULL,NULL,NULL,NULL,NULL,NULL,NULL,'eng',59,NULL,5,1,NULL,NULL,NULL,NULL,0,NULL,NULL,0,2,'50fb30ff-b4a8-4545-946b-0b24ded5dd25'),(20,19,7,NULL,4,5,'2013-01-29 23:00:00','2013-01-29 23:59:00',7,2,NULL,15,1,'live','paid live subject','paid live subject',0,NULL,NULL,NULL,NULL,NULL,NULL,NULL,NULL,NULL,NULL,NULL,NULL,NULL,NULL,'eng',59,NULL,5,1,NULL,NULL,NULL,NULL,0,NULL,NULL,0,2,'50fb349b-ad80-4186-8af8-0b24ded5dd25'),(21,20,7,NULL,4,5,'2013-01-23 23:00:00','2013-01-23 23:59:00',7,2,NULL,15,1,'live','paid live subject','paid live subject',0,NULL,NULL,NULL,NULL,NULL,NULL,NULL,NULL,NULL,NULL,NULL,NULL,NULL,NULL,'eng',59,NULL,5,1,NULL,NULL,NULL,NULL,0,NULL,NULL,0,2,'50fb3614-a274-4336-b652-5478ded5dd25'),(22,21,7,NULL,4,5,'2013-01-30 23:00:00','2013-01-30 23:59:00',7,2,NULL,15,1,'live','paid live subject','paid live subject',0,NULL,NULL,NULL,NULL,NULL,NULL,NULL,NULL,NULL,NULL,NULL,NULL,NULL,NULL,'eng',59,NULL,5,1,NULL,NULL,NULL,NULL,0,NULL,NULL,0,2,'50fbf8dc-e7a0-44a5-965d-79b4ded5dd25'),(23,22,7,NULL,4,5,'2013-01-20 23:00:00','2013-01-20 23:59:00',7,2,NULL,15,1,'live','paid live subject','paid live subject',0,NULL,NULL,NULL,NULL,NULL,NULL,NULL,NULL,NULL,NULL,NULL,NULL,NULL,NULL,'eng',59,NULL,5,1,NULL,NULL,NULL,NULL,0,NULL,NULL,0,2,'50fbf998-e14c-4776-a6b2-79b4ded5dd25'),(24,23,7,NULL,4,5,'2013-01-22 13:00:00','2013-01-22 13:59:00',7,2,NULL,15,1,'live','paid live subject','paid live subject',0,NULL,NULL,NULL,NULL,NULL,NULL,NULL,NULL,NULL,NULL,NULL,NULL,NULL,NULL,'eng',59,NULL,5,1,NULL,NULL,NULL,NULL,0,NULL,NULL,0,2,'50fbfaef-2564-4037-a4d8-79b4ded5dd25'),(28,24,7,NULL,4,5,'2013-01-28 11:00:00','2013-01-28 11:59:00',7,2,NULL,15,0,'live','paid live subject','paid live subject',0,NULL,NULL,NULL,NULL,NULL,NULL,NULL,NULL,NULL,NULL,NULL,NULL,NULL,NULL,'eng',59,NULL,5,1,NULL,NULL,NULL,NULL,0,NULL,NULL,0,1,'50fc343e-34b4-40d1-8bd6-0b24ded5dd25');

/*Data for the table `users` */

insert  into `users`(`user_id`,`facebook_id`,`email`,`password`,`password_reset`,`activation_code`,`active`,`first_name`,`last_name`,`image`,`image_source`,`image_resize`,`image_crop_38x38`,`image_crop_60x60`,`image_crop_63x63`,`image_crop_72x72`,`image_crop_78x78`,`image_crop_80x80`,`image_crop_100x100`,`image_crop_149x182`,`image_crop_200x210`,`dob`,`phone`,`address`,`zipcode`,`student_avarage_rating`,`student_about`,`student_raters_amount`,`student_total_lessons`,`students_total_learning_minutes`,`teacher_about`,`teacher_address`,`teacher_zipcode`,`teacher_total_teaching_minutes`,`teacher_students_amount`,`teacher_total_lessons`,`teacher_avarage_rating`,`teacher_raters_amount`,`teacher_paypal_id`,`language`,`languages_of_records`,`title`,`timezone`,`currentLogin`,`lastLogin`,`created`) values (4,1616529824,'eldad87@gmail.com','93bcca70e6e28f23c82fb55c48d88a1bab4bba0d',NULL,NULL,1,'Eldad','Yamin',1,'/img/users/\\50dc3bbb-5b4c-4c8c-b5cc-1998ded5dd25/50dc3bbb-5b4c-4c8c-b5cc-1998ded5dd25.jpg','/img/users/\\50dc3bbb-5b4c-4c8c-b5cc-1998ded5dd25/50dc3bbb-5b4c-4c8c-b5cc-1998ded5dd25_resize.jpg','/img/users/\\50dc3bbb-5b4c-4c8c-b5cc-1998ded5dd25/50dc3bbb-5b4c-4c8c-b5cc-1998ded5dd25_38x38.jpg','/img/users/\\50dc3bbb-5b4c-4c8c-b5cc-1998ded5dd25/50dc3bbb-5b4c-4c8c-b5cc-1998ded5dd25_60x60.jpg','/img/users/\\50dc3bbb-5b4c-4c8c-b5cc-1998ded5dd25/50dc3bbb-5b4c-4c8c-b5cc-1998ded5dd25_63x63.jpg','/img/users/\\50dc3bbb-5b4c-4c8c-b5cc-1998ded5dd25/50dc3bbb-5b4c-4c8c-b5cc-1998ded5dd25_72x72.jpg','/img/users/\\50dc3bbb-5b4c-4c8c-b5cc-1998ded5dd25/50dc3bbb-5b4c-4c8c-b5cc-1998ded5dd25_78x78.jpg','/img/users/\\50dc3bbb-5b4c-4c8c-b5cc-1998ded5dd25/50dc3bbb-5b4c-4c8c-b5cc-1998ded5dd25_80x80.jpg','/img/users/\\50dc3bbb-5b4c-4c8c-b5cc-1998ded5dd25/50dc3bbb-5b4c-4c8c-b5cc-1998ded5dd25_100x100.jpg','/img/users/\\50dc3bbb-5b4c-4c8c-b5cc-1998ded5dd25/50dc3bbb-5b4c-4c8c-b5cc-1998ded5dd25_149x182.jpg','/img/users/\\50dc3bbb-5b4c-4c8c-b5cc-1998ded5dd25/50dc3bbb-5b4c-4c8c-b5cc-1998ded5dd25_200x210.jpg',NULL,'','','',0,'about me',0,0,0,'about 1','','',0,0,0,5,8,'seller_1358640473_biz@gmail.com','eng','[\"eng\",\"heb\"]',NULL,'Asia/Jerusalem','2013-01-20 15:47:52','2013-01-20 15:37:10','2012-07-19 22:50:32'),(5,NULL,'sivaneshokol@gmail.com','93bcca70e6e28f23c82fb55c48d88a1bab4bba0d',NULL,NULL,1,'Sivan','Yamin',0,NULL,NULL,NULL,NULL,NULL,NULL,NULL,NULL,NULL,NULL,NULL,NULL,NULL,NULL,NULL,0,NULL,0,0,0,'',NULL,NULL,0,0,0,4,2,NULL,'eng','[\"heb\",\"eng\"]',NULL,'Asia/Jerusalem','2013-01-20 18:14:00','2013-01-20 18:07:48',NULL),(6,NULL,'test@gmail.com','93bcca70e6e28f23c82fb55c48d88a1bab4bba0d',NULL,'bba6d5957eff80ee1aa2f0e85f75f9979b4823c2',2,'nana','banana',0,NULL,NULL,NULL,NULL,NULL,NULL,NULL,NULL,NULL,NULL,NULL,NULL,NULL,NULL,NULL,0,NULL,0,0,0,'',NULL,NULL,0,0,0,0,0,NULL,'eng',NULL,NULL,NULL,NULL,NULL,NULL),(15,NULL,'wedding@user.com','93bcca70e6e28f23c82fb55c48d88a1bab4bba0d',NULL,'d869265677bdca60d0fe275df9c526e1c52e262e',0,'Eldad','',0,NULL,NULL,NULL,NULL,NULL,NULL,NULL,NULL,NULL,NULL,NULL,NULL,NULL,NULL,NULL,0,NULL,0,0,0,NULL,NULL,NULL,0,0,0,0,0,NULL,'eng',NULL,NULL,'UTC',NULL,NULL,'2012-11-04 01:47:50'),(7,NULL,'nanan@gmail.com','93bcca70e6e28f23c82fb55c48d88a1bab4bba0d',NULL,'6d09a6fbb100b57426819a982cd1d65f35f2ab04',0,'eldad','yamin',0,NULL,NULL,NULL,NULL,NULL,NULL,NULL,NULL,NULL,NULL,NULL,NULL,NULL,NULL,NULL,0,NULL,0,0,0,'',NULL,NULL,0,0,0,0,0,NULL,'eng',NULL,NULL,NULL,NULL,NULL,NULL),(8,NULL,'nanan2@gmail.com','93bcca70e6e28f23c82fb55c48d88a1bab4bba0d',NULL,'c0631ff1d127d0af5c855e3c698fac887e6de6e4',0,'eldad','yamin',0,NULL,NULL,NULL,NULL,NULL,NULL,NULL,NULL,NULL,NULL,NULL,NULL,NULL,NULL,NULL,0,NULL,0,0,0,'',NULL,NULL,0,0,0,0,0,NULL,'eng',NULL,NULL,NULL,NULL,NULL,NULL),(9,NULL,'nanan3@gmail.com','93bcca70e6e28f23c82fb55c48d88a1bab4bba0d',NULL,'e4154b450ab649927690083bd87d4398458fde11',0,'eldad','yamin',0,NULL,NULL,NULL,NULL,NULL,NULL,NULL,NULL,NULL,NULL,NULL,NULL,NULL,NULL,NULL,0,NULL,0,3,180,'',NULL,NULL,0,0,0,0,0,NULL,'',NULL,NULL,NULL,NULL,NULL,NULL),(13,NULL,'eshkolsivan@gmail.com','93bcca70e6e28f23c82fb55c48d88a1bab4bba0d',NULL,NULL,1,'Sivan','Eshkol-Yamin',0,NULL,NULL,NULL,NULL,NULL,NULL,NULL,NULL,NULL,NULL,NULL,NULL,NULL,NULL,NULL,0,NULL,0,5,300,'',NULL,NULL,0,0,0,0,0,NULL,'eng',NULL,NULL,'UTC','2012-12-30 18:33:35','2012-12-29 20:53:16','2012-10-03 01:44:58'),(14,NULL,'test@new.com','93bcca70e6e28f23c82fb55c48d88a1bab4bba0d',NULL,'26715edf0f3f5392af536d687b63e19c138ac0c4',0,'new','test',0,NULL,NULL,NULL,NULL,NULL,NULL,NULL,NULL,NULL,NULL,NULL,NULL,NULL,NULL,NULL,0,NULL,0,0,0,NULL,NULL,NULL,0,0,0,0,0,NULL,'eng',NULL,NULL,'UTC',NULL,NULL,'2012-10-22 01:19:24'),(16,NULL,'wedding2@user.com','93bcca70e6e28f23c82fb55c48d88a1bab4bba0d',NULL,'fe94affc18556001421b1107ed15926c8aa87516',0,'Eldad','',0,NULL,NULL,NULL,NULL,NULL,NULL,NULL,NULL,NULL,NULL,NULL,NULL,NULL,NULL,NULL,0,NULL,0,0,0,NULL,NULL,NULL,0,0,0,0,0,NULL,'eng',NULL,NULL,'UTC',NULL,NULL,'2012-11-04 01:53:36'),(17,NULL,'wedding3@user.com','93bcca70e6e28f23c82fb55c48d88a1bab4bba0d',NULL,'6727620f5db3431581f06c0d83fcbebde85a8739',0,'Eldad','',0,NULL,NULL,NULL,NULL,NULL,NULL,NULL,NULL,NULL,NULL,NULL,NULL,NULL,NULL,NULL,0,NULL,0,0,0,NULL,NULL,NULL,0,0,0,0,0,NULL,'eng',NULL,NULL,'UTC',NULL,NULL,'2012-11-04 01:54:40'),(18,NULL,'wedding5@user.com','93bcca70e6e28f23c82fb55c48d88a1bab4bba0d',NULL,'118cc9ba541ced625534f5fdab73524841071af8',0,'Eldad','',0,NULL,NULL,NULL,NULL,NULL,NULL,NULL,NULL,NULL,NULL,NULL,NULL,NULL,NULL,NULL,0,NULL,0,0,0,NULL,NULL,NULL,0,0,0,0,0,NULL,'eng',NULL,NULL,'UTC',NULL,NULL,'2012-11-04 01:55:33'),(19,NULL,'wedding6@user.com','93bcca70e6e28f23c82fb55c48d88a1bab4bba0d',NULL,'b9dc8d01c3f8064327c46592600c0aab1282954a',0,'Eldad','',0,NULL,NULL,NULL,NULL,NULL,NULL,NULL,NULL,NULL,NULL,NULL,NULL,NULL,NULL,NULL,0,NULL,0,0,0,NULL,NULL,NULL,0,0,0,0,0,NULL,'eng',NULL,NULL,'UTC',NULL,NULL,'2012-11-04 01:56:03'),(20,NULL,'wedding7@user.com','93bcca70e6e28f23c82fb55c48d88a1bab4bba0d',NULL,'8180ea14da81960ce3a198c93d6de65f10c3f431',0,'Eldad','',0,NULL,NULL,NULL,NULL,NULL,NULL,NULL,NULL,NULL,NULL,NULL,NULL,NULL,NULL,NULL,0,NULL,0,0,0,NULL,NULL,NULL,0,0,0,0,0,NULL,'eng',NULL,NULL,'UTC',NULL,NULL,'2012-11-04 01:56:12'),(21,NULL,'wedding8@user.com','93bcca70e6e28f23c82fb55c48d88a1bab4bba0d',NULL,'b2f9649c4993142705efc32d4f0895531c932321',0,'Eldad','',0,NULL,NULL,NULL,NULL,NULL,NULL,NULL,NULL,NULL,NULL,NULL,NULL,NULL,NULL,NULL,0,NULL,0,0,0,NULL,NULL,NULL,0,0,0,0,0,NULL,'eng',NULL,NULL,'UTC',NULL,NULL,'2012-11-04 01:56:24'),(22,NULL,'wedding9@user.com','93bcca70e6e28f23c82fb55c48d88a1bab4bba0d',NULL,'a3f315fe9ca0abbe836baf1d710f7a6e1c54a7b4',0,'Eldad','',0,NULL,NULL,NULL,NULL,NULL,NULL,NULL,NULL,NULL,NULL,NULL,NULL,NULL,NULL,NULL,0,NULL,0,0,0,NULL,NULL,NULL,0,0,0,0,0,NULL,'eng',NULL,NULL,'UTC',NULL,NULL,'2012-11-04 01:56:38'),(23,NULL,'wedding10@user.com','93bcca70e6e28f23c82fb55c48d88a1bab4bba0d',NULL,'64de843db004cbf3504b47ce4fcb99d7daedb34b',0,'Eldad','',0,NULL,NULL,NULL,NULL,NULL,NULL,NULL,NULL,NULL,NULL,NULL,NULL,NULL,NULL,NULL,0,NULL,0,0,0,NULL,NULL,NULL,0,0,0,0,0,NULL,'eng',NULL,NULL,'UTC',NULL,NULL,'2012-11-04 01:58:01'),(24,NULL,'wedding11@user.com','93bcca70e6e28f23c82fb55c48d88a1bab4bba0d',NULL,'5e2687b1dd5515cce5bbcd432cff3da280dc46ed',0,'Eldad','',0,NULL,NULL,NULL,NULL,NULL,NULL,NULL,NULL,NULL,NULL,NULL,NULL,NULL,NULL,NULL,0,NULL,0,0,0,NULL,NULL,NULL,0,0,0,0,0,NULL,'eng',NULL,NULL,'UTC',NULL,NULL,'2012-11-04 01:58:49'),(25,NULL,'wedding12@user.com','93bcca70e6e28f23c82fb55c48d88a1bab4bba0d',NULL,'dc8e31575dcd4061d1c983f5771d8248d039e82d',0,'Eldad','',0,NULL,NULL,NULL,NULL,NULL,NULL,NULL,NULL,NULL,NULL,NULL,NULL,NULL,NULL,NULL,0,NULL,0,0,0,NULL,NULL,NULL,0,0,0,0,0,NULL,'eng',NULL,NULL,'UTC',NULL,NULL,'2012-11-04 01:58:59'),(26,NULL,'wedding13@user.com','93bcca70e6e28f23c82fb55c48d88a1bab4bba0d',NULL,'161c678b9c55ecd5a7130e39caad4487651455a8',0,'Eldad','',0,NULL,NULL,NULL,NULL,NULL,NULL,NULL,NULL,NULL,NULL,NULL,NULL,NULL,NULL,NULL,0,NULL,0,0,0,NULL,NULL,NULL,0,0,0,0,0,NULL,'eng',NULL,NULL,'UTC',NULL,NULL,'2012-11-04 02:00:01'),(27,NULL,'wedding15@user.com','93bcca70e6e28f23c82fb55c48d88a1bab4bba0d',NULL,'10fe4367a84a083446eb950387451a4fa8aa90de',0,'Eldad','',0,NULL,NULL,NULL,NULL,NULL,NULL,NULL,NULL,NULL,NULL,NULL,NULL,NULL,NULL,NULL,0,NULL,0,0,0,NULL,NULL,NULL,0,0,0,0,0,NULL,'eng',NULL,NULL,'UTC',NULL,NULL,'2012-11-04 02:00:31'),(28,NULL,'wedding16@user.com','93bcca70e6e28f23c82fb55c48d88a1bab4bba0d',NULL,'745a27b4f0652f5ab2d8301a371356109d2e80db',0,'Eldad','',0,NULL,NULL,NULL,NULL,NULL,NULL,NULL,NULL,NULL,NULL,NULL,NULL,NULL,NULL,NULL,0,NULL,0,0,0,NULL,NULL,NULL,0,0,0,0,0,NULL,'eng',NULL,NULL,'UTC',NULL,NULL,'2012-11-04 02:03:10'),(29,NULL,'wedding17@user.com','93bcca70e6e28f23c82fb55c48d88a1bab4bba0d',NULL,'8e1864e53b7eed8e43c88fd1530263267c5ad2be',0,'Eldad','',0,NULL,NULL,NULL,NULL,NULL,NULL,NULL,NULL,NULL,NULL,NULL,NULL,NULL,NULL,NULL,0,NULL,0,0,0,NULL,NULL,NULL,0,0,0,0,0,NULL,'eng',NULL,NULL,'UTC',NULL,NULL,'2012-11-04 02:03:36'),(30,NULL,'wedding18@user.com','93bcca70e6e28f23c82fb55c48d88a1bab4bba0d',NULL,NULL,1,'Eldad','',0,NULL,NULL,NULL,NULL,NULL,NULL,NULL,NULL,NULL,NULL,NULL,NULL,NULL,NULL,NULL,0,NULL,0,0,0,NULL,NULL,NULL,0,0,0,0,0,NULL,'eng',NULL,NULL,'UTC',NULL,NULL,'2012-11-04 02:06:29'),(31,NULL,'wedding20@user.com','93bcca70e6e28f23c82fb55c48d88a1bab4bba0d',NULL,NULL,1,'Eldad','',0,NULL,NULL,NULL,NULL,NULL,NULL,NULL,NULL,NULL,NULL,NULL,NULL,NULL,NULL,NULL,0,NULL,0,0,0,NULL,NULL,NULL,0,0,0,0,0,NULL,'eng',NULL,NULL,'UTC',NULL,NULL,'2012-11-04 02:07:11'),(32,NULL,'wedding21@user.com','93bcca70e6e28f23c82fb55c48d88a1bab4bba0d',NULL,NULL,1,'Eldad','',0,NULL,NULL,NULL,NULL,NULL,NULL,NULL,NULL,NULL,NULL,NULL,NULL,NULL,NULL,NULL,0,NULL,0,0,0,NULL,NULL,NULL,0,0,0,0,0,NULL,'eng',NULL,NULL,'UTC',NULL,NULL,'2012-11-04 02:07:38'),(33,NULL,'wedding22@user.com','93bcca70e6e28f23c82fb55c48d88a1bab4bba0d',NULL,NULL,1,'Eldad','',0,NULL,NULL,NULL,NULL,NULL,NULL,NULL,NULL,NULL,NULL,NULL,NULL,NULL,NULL,NULL,0,NULL,0,0,0,NULL,NULL,NULL,0,0,0,0,0,NULL,'eng',NULL,NULL,'UTC',NULL,NULL,'2012-11-04 02:08:02'),(34,NULL,'wedding23@user.com','93bcca70e6e28f23c82fb55c48d88a1bab4bba0d',NULL,NULL,1,'Eldad','',0,NULL,NULL,NULL,NULL,NULL,NULL,NULL,NULL,NULL,NULL,NULL,NULL,NULL,NULL,NULL,0,NULL,0,0,0,NULL,NULL,NULL,0,0,0,0,0,NULL,'eng',NULL,NULL,'UTC',NULL,NULL,'2012-11-04 02:08:54'),(35,NULL,'wedding24@user.com','93bcca70e6e28f23c82fb55c48d88a1bab4bba0d',NULL,NULL,1,'Eldad','',0,NULL,NULL,NULL,NULL,NULL,NULL,NULL,NULL,NULL,NULL,NULL,NULL,NULL,NULL,NULL,0,NULL,0,0,0,NULL,NULL,NULL,0,0,0,0,0,NULL,'eng',NULL,NULL,'UTC',NULL,NULL,'2012-11-04 02:09:02'),(36,NULL,'wedding25@user.com','93bcca70e6e28f23c82fb55c48d88a1bab4bba0d',NULL,NULL,1,'Eldad','',0,NULL,NULL,NULL,NULL,NULL,NULL,NULL,NULL,NULL,NULL,NULL,NULL,NULL,NULL,NULL,0,NULL,0,0,0,NULL,NULL,NULL,0,0,0,0,0,NULL,'eng',NULL,NULL,'UTC',NULL,NULL,'2012-11-04 02:09:16'),(37,NULL,'wedding26@user.com','93bcca70e6e28f23c82fb55c48d88a1bab4bba0d',NULL,NULL,1,'Eldad','',0,NULL,NULL,NULL,NULL,NULL,NULL,NULL,NULL,NULL,NULL,NULL,NULL,NULL,NULL,NULL,0,NULL,0,0,0,NULL,NULL,NULL,0,0,0,0,0,NULL,'eng',NULL,NULL,'UTC',NULL,NULL,'2012-11-04 02:10:42'),(38,NULL,'wedding27@user.com','93bcca70e6e28f23c82fb55c48d88a1bab4bba0d',NULL,NULL,1,'Eldad','',0,NULL,NULL,NULL,NULL,NULL,NULL,NULL,NULL,NULL,NULL,NULL,NULL,NULL,NULL,NULL,0,NULL,0,0,0,NULL,NULL,NULL,0,0,0,0,0,NULL,'eng',NULL,NULL,'UTC',NULL,NULL,'2012-11-04 02:10:52'),(39,NULL,'wedding28@user.com','93bcca70e6e28f23c82fb55c48d88a1bab4bba0d',NULL,NULL,1,'Eldad','',0,NULL,NULL,NULL,NULL,NULL,NULL,NULL,NULL,NULL,NULL,NULL,NULL,NULL,NULL,NULL,0,NULL,0,0,0,NULL,NULL,NULL,0,0,0,0,0,NULL,'eng',NULL,NULL,'UTC',NULL,NULL,'2012-11-04 02:11:14'),(40,NULL,'wedding30@user.com','93bcca70e6e28f23c82fb55c48d88a1bab4bba0d',NULL,NULL,1,'Eldad','',0,NULL,NULL,NULL,NULL,NULL,NULL,NULL,NULL,NULL,NULL,NULL,NULL,NULL,NULL,NULL,0,NULL,0,0,0,NULL,NULL,NULL,0,0,0,0,0,NULL,'eng',NULL,NULL,'UTC',NULL,NULL,'2012-11-04 02:11:45'),(41,NULL,'wedding31@user.com','93bcca70e6e28f23c82fb55c48d88a1bab4bba0d',NULL,NULL,1,'Eldad','',0,NULL,NULL,NULL,NULL,NULL,NULL,NULL,NULL,NULL,NULL,NULL,NULL,NULL,NULL,NULL,0,NULL,0,0,0,NULL,NULL,NULL,0,0,0,0,0,NULL,'eng',NULL,NULL,'UTC',NULL,NULL,'2012-11-04 02:11:55'),(42,NULL,'wedding32@user.com','93bcca70e6e28f23c82fb55c48d88a1bab4bba0d',NULL,NULL,1,'Eldad','',0,NULL,NULL,NULL,NULL,NULL,NULL,NULL,NULL,NULL,NULL,NULL,NULL,NULL,NULL,NULL,0,NULL,0,0,0,NULL,NULL,NULL,0,0,0,0,0,NULL,'eng',NULL,NULL,'UTC',NULL,NULL,'2012-11-04 02:12:13'),(43,NULL,'wedding33@user.com','93bcca70e6e28f23c82fb55c48d88a1bab4bba0d',NULL,NULL,1,'Eldad','',0,NULL,NULL,NULL,NULL,NULL,NULL,NULL,NULL,NULL,NULL,NULL,NULL,NULL,NULL,NULL,0,NULL,0,0,0,NULL,NULL,NULL,0,0,0,0,0,NULL,'eng',NULL,NULL,'UTC',NULL,NULL,'2012-11-04 02:13:33'),(44,NULL,'wedding34@user.com','93bcca70e6e28f23c82fb55c48d88a1bab4bba0d',NULL,NULL,1,'Eldad','',0,NULL,NULL,NULL,NULL,NULL,NULL,NULL,NULL,NULL,NULL,NULL,NULL,NULL,NULL,NULL,0,NULL,0,0,0,NULL,NULL,NULL,0,0,0,0,0,NULL,'eng',NULL,NULL,'UTC',NULL,NULL,'2012-11-04 02:13:49'),(45,NULL,'wedding35@user.com','93bcca70e6e28f23c82fb55c48d88a1bab4bba0d',NULL,NULL,1,'Eldad','',0,NULL,NULL,NULL,NULL,NULL,NULL,NULL,NULL,NULL,NULL,NULL,NULL,NULL,NULL,NULL,0,NULL,0,0,0,NULL,NULL,NULL,0,0,0,0,0,NULL,'eng',NULL,NULL,'UTC',NULL,NULL,'2012-11-04 02:14:16'),(46,NULL,'wedding36@user.com','93bcca70e6e28f23c82fb55c48d88a1bab4bba0d',NULL,NULL,1,'Eldad','',0,NULL,NULL,NULL,NULL,NULL,NULL,NULL,NULL,NULL,NULL,NULL,NULL,NULL,NULL,NULL,0,NULL,0,0,0,NULL,NULL,NULL,0,0,0,0,0,NULL,'eng',NULL,NULL,'UTC',NULL,NULL,'2012-11-04 02:15:25'),(47,NULL,'wedding37@user.com','93bcca70e6e28f23c82fb55c48d88a1bab4bba0d',NULL,NULL,1,'Eldad','',0,NULL,NULL,NULL,NULL,NULL,NULL,NULL,NULL,NULL,NULL,NULL,NULL,NULL,NULL,NULL,0,NULL,0,0,0,NULL,NULL,NULL,0,0,0,0,0,NULL,'eng',NULL,NULL,'UTC',NULL,NULL,'2012-11-04 02:15:46'),(48,NULL,'wedding38@user.com','93bcca70e6e28f23c82fb55c48d88a1bab4bba0d',NULL,NULL,1,'Eldad','',0,NULL,NULL,NULL,NULL,NULL,NULL,NULL,NULL,NULL,NULL,NULL,NULL,NULL,NULL,NULL,0,NULL,0,0,0,NULL,NULL,NULL,0,0,0,0,0,NULL,'eng',NULL,NULL,'UTC',NULL,NULL,'2012-11-04 02:16:03'),(49,NULL,'sivaneshokol@gmail2.com','93bcca70e6e28f23c82fb55c48d88a1bab4bba0d',NULL,NULL,1,'eldad','',0,NULL,NULL,NULL,NULL,NULL,NULL,NULL,NULL,NULL,NULL,NULL,NULL,NULL,NULL,NULL,0,NULL,0,0,0,NULL,NULL,NULL,0,0,0,0,0,NULL,'eng',NULL,NULL,'UTC',NULL,NULL,'2012-11-04 02:18:24'),(50,NULL,'sivaneshokol@gmail3.com','93bcca70e6e28f23c82fb55c48d88a1bab4bba0d',NULL,NULL,1,'eldad','',0,NULL,NULL,NULL,NULL,NULL,NULL,NULL,NULL,NULL,NULL,NULL,NULL,NULL,NULL,NULL,0,NULL,0,0,0,NULL,NULL,NULL,0,0,0,0,0,NULL,'eng',NULL,NULL,'UTC','2012-11-04 02:19:34',NULL,'2012-11-04 02:19:34'),(51,NULL,'sivaneshokol@gmail4.com','93bcca70e6e28f23c82fb55c48d88a1bab4bba0d',NULL,NULL,1,'eldad','',0,NULL,NULL,NULL,NULL,NULL,NULL,NULL,NULL,NULL,NULL,NULL,NULL,NULL,NULL,NULL,0,NULL,0,0,0,NULL,NULL,NULL,0,0,0,0,0,NULL,'eng',NULL,NULL,'UTC','2012-11-04 02:19:53',NULL,'2012-11-04 02:19:53'),(52,NULL,'sivaneshokol1@gmail.com','93bcca70e6e28f23c82fb55c48d88a1bab4bba0d',NULL,NULL,1,'Eldad','',0,NULL,NULL,NULL,NULL,NULL,NULL,NULL,NULL,NULL,NULL,NULL,NULL,NULL,NULL,NULL,0,NULL,0,0,0,NULL,NULL,NULL,0,0,0,0,0,NULL,'eng',NULL,NULL,'UTC','2012-11-04 02:20:21',NULL,'2012-11-04 02:20:21'),(53,NULL,'2sivaneshokol@gmail.com','93bcca70e6e28f23c82fb55c48d88a1bab4bba0d',NULL,NULL,1,'eldad','',0,NULL,NULL,NULL,NULL,NULL,NULL,NULL,NULL,NULL,NULL,NULL,NULL,NULL,NULL,NULL,0,NULL,0,0,0,NULL,NULL,NULL,0,0,0,0,0,NULL,'eng',NULL,NULL,'UTC','2012-11-04 02:22:15',NULL,'2012-11-04 02:22:15'),(54,NULL,'3sivaneshokol@gmail.com','93bcca70e6e28f23c82fb55c48d88a1bab4bba0d',NULL,NULL,1,'eldad','',0,NULL,NULL,NULL,NULL,NULL,NULL,NULL,NULL,NULL,NULL,NULL,NULL,NULL,NULL,NULL,0,NULL,0,0,0,NULL,NULL,NULL,0,0,0,0,0,NULL,'eng',NULL,NULL,'UTC','2012-11-04 02:22:51',NULL,'2012-11-04 02:22:51'),(55,NULL,'10sivaneshokol@gmail.com','93bcca70e6e28f23c82fb55c48d88a1bab4bba0d',NULL,'b0be666548211f31738790a106759af632bd9d6e',0,'eldad','',0,NULL,NULL,NULL,NULL,NULL,NULL,NULL,NULL,NULL,NULL,NULL,NULL,NULL,NULL,NULL,0,NULL,0,0,0,NULL,NULL,NULL,0,0,0,0,0,NULL,'eng',NULL,NULL,'UTC',NULL,NULL,'2012-11-04 11:44:20'),(56,NULL,'11sivaneshokol@gmail.com','93bcca70e6e28f23c82fb55c48d88a1bab4bba0d',NULL,'af5fbd1c6259266cd2679c85ad3e7dbc61cab190',0,'eldad','',0,NULL,NULL,NULL,NULL,NULL,NULL,NULL,NULL,NULL,NULL,NULL,NULL,NULL,NULL,NULL,0,NULL,0,0,0,NULL,NULL,NULL,0,0,0,0,0,NULL,'eng',NULL,NULL,'UTC',NULL,NULL,'2012-11-04 11:45:13'),(57,NULL,'12sivaneshokol@gmail.com','93bcca70e6e28f23c82fb55c48d88a1bab4bba0d',NULL,NULL,1,'eldad','',0,NULL,NULL,NULL,NULL,NULL,NULL,NULL,NULL,NULL,NULL,NULL,NULL,NULL,NULL,NULL,0,NULL,0,0,0,NULL,NULL,NULL,0,0,0,0,0,NULL,'eng',NULL,NULL,'UTC','2012-11-04 11:45:51',NULL,'2012-11-04 11:45:51'),(58,NULL,'13sivaneshokol@gmail.com','93bcca70e6e28f23c82fb55c48d88a1bab4bba0d',NULL,NULL,1,'eldad','',0,NULL,NULL,NULL,NULL,NULL,NULL,NULL,NULL,NULL,NULL,NULL,NULL,NULL,NULL,NULL,0,NULL,0,0,0,NULL,NULL,NULL,0,0,0,0,0,NULL,'eng',NULL,NULL,'UTC','2012-11-04 22:45:21','2012-11-04 22:43:25','2012-11-04 11:48:35');

/*Data for the table `watchitoo_lesson_meetings` */

insert  into `watchitoo_lesson_meetings`(`watchitoo_lesson_meeting_id`,`teacher_lesson_id`,`meeting_id`,`created`) values (9,63,'wkr-227','2012-10-22 13:32:00'),(10,64,'wti-088','2012-10-25 16:10:10'),(11,65,'wjw-366','2012-10-25 16:13:42'),(12,66,'wlm-234','2012-10-28 14:58:12'),(13,67,'wgd-171','2012-10-28 14:58:26'),(14,68,'wwb-806','2012-10-28 14:58:41'),(15,69,'wws-958','2012-10-28 14:58:52'),(16,70,'wkd-265','2012-11-05 15:44:27'),(17,75,'wzf-069','2012-11-11 20:54:40'),(18,76,'wrx-551','2012-11-11 20:58:43'),(19,77,'wfc-610','2012-12-01 13:53:47'),(20,78,'wzh-843','2012-12-01 14:30:00'),(21,79,'wax-328','2012-12-01 15:13:02'),(22,80,'wls-532','2012-12-01 15:20:44'),(23,81,'wdp-422','2012-12-01 15:23:20'),(24,82,'wby-567','2012-12-01 15:25:52'),(25,83,'wab-289','2012-12-01 15:26:53'),(26,1,'wcr-808','2012-12-29 16:00:39'),(27,5,'wac-782','2012-12-29 22:39:13'),(28,6,'wla-984','2012-12-29 22:40:06'),(29,7,'wli-314','2012-12-29 22:41:26'),(30,8,'wja-675','2012-12-29 23:17:38'),(31,9,'wve-312','2012-12-30 18:45:11'),(32,10,'wzq-409','2012-12-30 18:48:13'),(33,11,'wtt-045','2013-01-19 15:02:10'),(34,12,'wgp-919','2013-01-19 16:49:24'),(35,13,'wdu-874','2013-01-19 18:36:45'),(36,14,'wkr-980','2013-01-19 19:20:14'),(37,15,'www-885','2013-01-19 19:53:04'),(38,16,'wcl-788','2013-01-19 20:21:46'),(39,17,'wlr-496','2013-01-19 23:12:30'),(40,18,'wie-299','2013-01-19 23:37:06'),(41,19,'wae-371','2013-01-20 00:04:29'),(42,20,'wuq-475','2013-01-20 00:10:46'),(43,21,'wlr-015','2013-01-20 14:00:45'),(44,22,'wxo-690','2013-01-20 14:03:55'),(45,23,'wgh-245','2013-01-20 14:10:33'),(46,24,'wgf-308','2013-01-20 18:15:26');

/*Data for the table `watchitoo_lesson_users` */

insert  into `watchitoo_lesson_users`(`user_id`,`watchitoo_user_id`) values (5,11428062),(6,11411175),(13,11437434);

/*Data for the table `watchitoo_subject_meetings` */

insert  into `watchitoo_subject_meetings`(`watchitoo_subject_meeting_id`,`subject_id`,`meeting_id`) values (1,23,'wne-014'),(2,102,'wps-785'),(3,103,'wqd-289'),(4,104,'wxf-362'),(5,106,'wjh-222'),(6,108,'wze-659'),(7,113,'wzq-630'),(8,1,'wzs-962'),(9,2,'wmm-000'),(10,3,'wwf-426'),(11,4,'wra-013'),(12,5,'wuc-126'),(13,6,'wrp-868'),(14,7,'wko-799'),(15,10,'wfn-064'),(16,11,'wov-503'),(17,12,'wfm-874'),(18,13,'wda-006'),(19,14,'wqj-042'),(20,15,'wse-990'),(21,16,'wna-118'),(22,19,'wyy-764'),(23,20,'wvp-907'),(24,8,'wfm-134'),(25,9,'waw-654');

/*Data for the table `watchitoo_subject_teachers` */

insert  into `watchitoo_subject_teachers`(`user_id`,`watchitoo_user_id`,`subject_id`) values (4,11441955,7);

/*!40101 SET SQL_MODE=@OLD_SQL_MODE */;
/*!40014 SET FOREIGN_KEY_CHECKS=@OLD_FOREIGN_KEY_CHECKS */;
/*!40014 SET UNIQUE_CHECKS=@OLD_UNIQUE_CHECKS */;
/*!40111 SET SQL_NOTES=@OLD_SQL_NOTES */;
