/*
SQLyog Ultimate v8.4 
MySQL - 5.1.50-community : Database - studentskit
*********************************************************************
*/

/*!40101 SET NAMES utf8 */;

/*!40101 SET SQL_MODE=''*/;

/*!40014 SET @OLD_UNIQUE_CHECKS=@@UNIQUE_CHECKS, UNIQUE_CHECKS=0 */;
/*!40014 SET @OLD_FOREIGN_KEY_CHECKS=@@FOREIGN_KEY_CHECKS, FOREIGN_KEY_CHECKS=0 */;
/*!40101 SET @OLD_SQL_MODE=@@SQL_MODE, SQL_MODE='NO_AUTO_VALUE_ON_ZERO' */;
/*!40111 SET @OLD_SQL_NOTES=@@SQL_NOTES, SQL_NOTES=0 */;
CREATE DATABASE /*!32312 IF NOT EXISTS*/`studentskit` /*!40100 DEFAULT CHARACTER SET utf8 COLLATE utf8_unicode_ci */;

USE `studentskit`;

/*Data for the table `adaptive_payments` */

/*Data for the table `auto_approve_lesson_request` */

/*Data for the table `file_system` */

/*Data for the table `forum_access` */

insert  into `forum_access`(`id`,`access_level_id`,`user_id`,`created`,`modified`) values (1,4,1,'2012-07-26 05:43:24','2012-07-26 05:43:24');

/*Data for the table `forum_access_levels` */

insert  into `forum_access_levels`(`id`,`title`,`level`,`isAdmin`,`isSuper`) values (1,'Member',1,0,0),(2,'Moderator',4,0,0),(3,'Super Moderator',7,0,1),(4,'Administrator',10,1,1);

/*Data for the table `forum_forums` */

insert  into `forum_forums`(`id`,`forum_id`,`access_level_id`,`title`,`slug`,`deep`,`path`,`description`,`status`,`orderNo`,`topic_count`,`post_count`,`accessRead`,`accessPost`,`accessPoll`,`accessReply`,`settingPostCount`,`settingAutoLock`,`lastTopic_id`,`lastPost_id`,`lastUser_id`,`created`,`modified`) values (1,0,0,'Technology and Programming','technology-and-programming',1,NULL,'Technology and Programming',1,0,0,0,0,1,1,1,1,1,NULL,NULL,NULL,'2013-01-22 19:57:46','2013-01-22 19:57:46'),(2,1,0,'Networking','networking',2,'1','Networking',1,0,0,0,0,1,1,1,1,1,NULL,NULL,NULL,'2013-01-22 19:57:46','2013-01-22 19:57:46'),(3,1,0,'Databases','databases',2,'1','Databases',1,0,0,0,0,1,1,1,1,1,NULL,NULL,NULL,'2013-01-22 19:57:46','2013-01-22 19:57:46'),(4,1,0,'IT','it',2,'1','IT',1,0,0,0,0,1,1,1,1,1,NULL,NULL,NULL,'2013-01-22 19:57:46','2013-01-22 19:57:46'),(5,1,0,'Hardware','hardware',2,'1','Hardware',1,0,0,0,0,1,1,1,1,1,NULL,NULL,NULL,'2013-01-22 19:57:46','2013-01-22 19:57:46'),(6,1,0,'Mobile development','mobile-development',2,'1','Mobile development',1,0,0,0,0,1,1,1,1,1,NULL,NULL,NULL,'2013-01-22 19:57:46','2013-01-22 19:57:46'),(7,1,0,'OS','os',2,'1','OS',1,0,0,0,0,1,1,1,1,1,NULL,NULL,NULL,'2013-01-22 19:57:46','2013-01-22 19:57:46'),(8,1,0,'Programming','programming-1',2,'1','Programming',1,0,0,0,0,1,1,1,1,1,NULL,NULL,NULL,'2013-01-22 19:57:46','2013-01-22 19:57:46'),(9,1,0,'Security','security',2,'1','Security',1,0,0,0,0,1,1,1,1,1,NULL,NULL,NULL,'2013-01-22 19:57:46','2013-01-22 19:57:46'),(10,1,0,'Telecommunication','telecommunication',2,'1','Telecommunication',1,0,0,0,0,1,1,1,1,1,NULL,NULL,NULL,'2013-01-22 19:57:46','2013-01-22 19:57:46'),(11,1,0,'Web development','web-development',2,'1','Web development',1,0,0,0,0,1,1,1,1,1,NULL,NULL,NULL,'2013-01-22 19:57:46','2013-01-22 19:57:46'),(12,1,0,'Other','other',2,'1','Other',1,0,0,0,0,1,1,1,1,1,NULL,NULL,NULL,'2013-01-22 19:57:46','2013-01-22 19:57:46'),(13,0,0,'Education','education',1,NULL,'Education',1,0,0,0,0,1,1,1,1,1,NULL,NULL,NULL,'2013-01-22 19:57:46','2013-01-22 19:57:46'),(14,13,0,'Chemistry','chemistry',2,'13','Chemistry',1,0,0,0,0,1,1,1,1,1,NULL,NULL,NULL,'2013-01-22 19:57:46','2013-01-22 19:57:46'),(15,13,0,'Graduate education','graduate-education',2,'13','Graduate education',1,0,0,0,0,1,1,1,1,1,NULL,NULL,NULL,'2013-01-22 19:57:46','2013-01-22 19:57:46'),(16,13,0,'Homework assistance','homework-assistance',2,'13','Homework assistance',1,0,0,0,0,1,1,1,1,1,NULL,NULL,NULL,'2013-01-22 19:57:46','2013-01-22 19:57:46'),(17,13,0,'Mathematics','mathematics',2,'13','Mathematics',1,0,0,0,0,1,1,1,1,1,NULL,NULL,NULL,'2013-01-22 19:57:46','2013-01-22 19:57:46'),(18,13,0,'Physics','physics',2,'13','Physics',1,0,0,0,0,1,1,1,1,1,NULL,NULL,NULL,'2013-01-22 19:57:47','2013-01-22 19:57:47'),(19,13,0,'Biology','biology',2,'13','Biology',1,0,0,0,0,1,1,1,1,1,NULL,NULL,NULL,'2013-01-22 19:57:47','2013-01-22 19:57:47'),(20,13,0,'Languages','languages',2,'13','Languages',1,0,0,0,0,1,1,1,1,1,NULL,NULL,NULL,'2013-01-22 19:57:47','2013-01-22 19:57:47'),(21,13,0,'Test prep','test-prep',2,'13','Test prep',1,0,0,0,0,1,1,1,1,1,NULL,NULL,NULL,'2013-01-22 19:57:47','2013-01-22 19:57:47'),(22,13,0,'Other','other',2,'13','Other',1,0,0,0,0,1,1,1,1,1,NULL,NULL,NULL,'2013-01-22 19:57:47','2013-01-22 19:57:47'),(23,0,0,'Art and Creativity','art-and-creativity',1,NULL,'Art and Creativity',1,0,0,0,0,1,1,1,1,1,NULL,NULL,NULL,'2013-01-22 19:57:47','2013-01-22 19:57:47'),(24,23,0,'Music','music',2,'23','Music',1,0,0,0,0,1,1,1,1,1,NULL,NULL,NULL,'2013-01-22 19:57:47','2013-01-22 19:57:47'),(25,23,0,'Animation','animation',2,'23','Animation',1,0,0,0,0,1,1,1,1,1,NULL,NULL,NULL,'2013-01-22 19:57:47','2013-01-22 19:57:47'),(26,23,0,'Video','video',2,'23','Video',1,0,0,0,0,1,1,1,1,1,NULL,NULL,NULL,'2013-01-22 19:57:47','2013-01-22 19:57:47'),(27,23,0,'Graphic design','graphic-design',2,'23','Graphic design',1,0,0,0,0,1,1,1,1,1,NULL,NULL,NULL,'2013-01-22 19:57:47','2013-01-22 19:57:47'),(28,23,0,'Photography','photography',2,'23','Photography',1,0,0,0,0,1,1,1,1,1,NULL,NULL,NULL,'2013-01-22 19:57:47','2013-01-22 19:57:47'),(29,23,0,'Writing','writing',2,'23','Writing',1,0,0,0,0,1,1,1,1,1,NULL,NULL,NULL,'2013-01-22 19:57:47','2013-01-22 19:57:47'),(30,23,0,'Other','other',2,'23','Other',1,0,0,0,0,1,1,1,1,1,NULL,NULL,NULL,'2013-01-22 19:57:47','2013-01-22 19:57:47'),(31,0,0,'Business','business',1,NULL,'Business',1,0,0,0,0,1,1,1,1,1,NULL,NULL,NULL,'2013-01-22 19:57:47','2013-01-22 19:57:47'),(32,31,0,'Accounting and Tax','accounting-and-tax',2,'31','Accounting and Tax',1,0,0,0,0,1,1,1,1,1,NULL,NULL,NULL,'2013-01-22 19:57:47','2013-01-22 19:57:47'),(33,31,0,'Consulting','consulting',2,'31','Consulting',1,0,0,0,0,1,1,1,1,1,NULL,NULL,NULL,'2013-01-22 19:57:47','2013-01-22 19:57:47'),(34,31,0,'Business Plan','business-plan',2,'31','Business Plan',1,0,0,0,0,1,1,1,1,1,NULL,NULL,NULL,'2013-01-22 19:57:47','2013-01-22 19:57:47'),(35,31,0,'Finance','finance',2,'31','Finance',1,0,0,0,0,1,1,1,1,1,NULL,NULL,NULL,'2013-01-22 19:57:47','2013-01-22 19:57:47'),(36,31,0,'Insurance','insurance',2,'31','Insurance',1,0,0,0,0,1,1,1,1,1,NULL,NULL,NULL,'2013-01-22 19:57:47','2013-01-22 19:57:47'),(37,31,0,'Other','other',2,'31','Other',1,0,0,0,0,1,1,1,1,1,NULL,NULL,NULL,'2013-01-22 19:57:47','2013-01-22 19:57:47'),(38,0,0,'Coaching','coaching',1,NULL,'Coaching',1,0,0,0,0,1,1,1,1,1,NULL,NULL,NULL,'2013-01-22 19:57:47','2013-01-22 19:57:47'),(39,38,0,'Career','career',2,'38','Career',1,0,0,0,0,1,1,1,1,1,NULL,NULL,NULL,'2013-01-22 19:57:47','2013-01-22 19:57:47'),(40,38,0,'Dating and Relationship','dating-and-relationship',2,'38','Dating and Relationship',1,0,0,0,0,1,1,1,1,1,NULL,NULL,NULL,'2013-01-22 19:57:47','2013-01-22 19:57:47'),(41,38,0,'Communication','communication-1',2,'38','Communication',1,0,0,0,0,1,1,1,1,1,NULL,NULL,NULL,'2013-01-22 19:57:47','2013-01-22 19:57:47'),(42,38,0,'Motivation','motivation',2,'38','Motivation',1,0,0,0,0,1,1,1,1,1,NULL,NULL,NULL,'2013-01-22 19:57:47','2013-01-22 19:57:47'),(43,38,0,'Other','other',2,'38','Other',1,0,0,0,0,1,1,1,1,1,NULL,NULL,NULL,'2013-01-22 19:57:47','2013-01-22 19:57:47'),(44,0,0,'Health','health',1,NULL,'Health',1,0,0,0,0,1,1,1,1,1,NULL,NULL,NULL,'2013-01-22 19:57:47','2013-01-22 19:57:47'),(45,44,0,'Diet','diet',2,'44','Diet',1,0,0,0,0,1,1,1,1,1,NULL,NULL,NULL,'2013-01-22 19:57:47','2013-01-22 19:57:47'),(46,44,0,'Alternative','alternative',2,'44','Alternative',1,0,0,0,0,1,1,1,1,1,NULL,NULL,NULL,'2013-01-22 19:57:47','2013-01-22 19:57:47'),(47,44,0,'Other','other',2,'44','Other',1,0,0,0,0,1,1,1,1,1,NULL,NULL,NULL,'2013-01-22 19:57:47','2013-01-22 19:57:47'),(48,0,0,'Lifestyle','lifestyle',1,NULL,'Lifestyle',1,0,0,0,0,1,1,1,1,1,NULL,NULL,NULL,'2013-01-22 19:57:47','2013-01-22 19:57:47'),(49,48,0,'Fashion','fashion',2,'48','Fashion',1,0,0,0,0,1,1,1,1,1,NULL,NULL,NULL,'2013-01-22 19:57:47','2013-01-22 19:57:47'),(50,48,0,'Automotive','automotive',2,'48','Automotive',1,0,0,0,0,1,1,1,1,1,NULL,NULL,NULL,'2013-01-22 19:57:47','2013-01-22 19:57:47'),(51,48,0,'Sports and Fitness','sports-and-fitness',2,'48','Sports and Fitness',1,0,0,0,0,1,1,1,1,1,NULL,NULL,NULL,'2013-01-22 19:57:47','2013-01-22 19:57:47'),(52,48,0,'Pets','pets',2,'48','Pets',1,0,0,0,0,1,1,1,1,1,NULL,NULL,NULL,'2013-01-22 19:57:47','2013-01-22 19:57:47'),(53,48,0,'Home design','home-design',2,'48','Home design',1,0,0,0,0,1,1,1,1,1,NULL,NULL,NULL,'2013-01-22 19:57:47','2013-01-22 19:57:47'),(54,48,0,'Travel','travel',2,'48','Travel',1,0,0,0,0,1,1,1,1,1,NULL,NULL,NULL,'2013-01-22 19:57:47','2013-01-22 19:57:47'),(55,0,0,'Spirituality','spirituality',1,NULL,'Spirituality',1,0,0,0,0,1,1,1,1,1,NULL,NULL,NULL,'2013-01-22 19:57:47','2013-01-22 19:57:47'),(56,55,0,'Astrology','astrology',2,'55','Astrology',1,0,0,0,0,1,1,1,1,1,NULL,NULL,NULL,'2013-01-22 19:57:47','2013-01-22 19:57:47'),(57,55,0,'Dream analysis','dream-analysis',2,'55','Dream analysis',1,0,0,0,0,1,1,1,1,1,NULL,NULL,NULL,'2013-01-22 19:57:47','2013-01-22 19:57:47'),(58,55,0,'Fortune telling','fortune-telling',2,'55','Fortune telling',1,0,0,0,0,1,1,1,1,1,NULL,NULL,NULL,'2013-01-22 19:57:47','2013-01-22 19:57:47'),(59,55,0,'Graphology','graphology',2,'55','Graphology',1,0,0,0,0,1,1,1,1,1,NULL,NULL,NULL,'2013-01-22 19:57:47','2013-01-22 19:57:47'),(60,55,0,'Religion','religion',2,'55','Religion',1,0,0,0,0,1,1,1,1,1,NULL,NULL,NULL,'2013-01-22 19:57:47','2013-01-22 19:57:47'),(61,55,0,'Tarot reading','tarot-reading',2,'55','Tarot reading',1,0,0,0,0,1,1,1,1,1,NULL,NULL,NULL,'2013-01-22 19:57:47','2013-01-22 19:57:47'),(62,55,0,'Other','other',2,'55','Other',1,0,0,0,0,1,1,1,1,1,NULL,NULL,NULL,'2013-01-22 19:57:47','2013-01-22 19:57:47'),(63,0,0,'Other','other',1,NULL,'Other',1,0,0,0,0,1,1,1,1,1,NULL,NULL,NULL,'2013-01-22 19:57:47','2013-01-22 19:57:47'),(64,63,0,'Other','other',2,'63','Other',1,0,0,0,0,1,1,1,1,1,NULL,NULL,NULL,'2013-01-22 19:57:47','2013-01-22 19:57:47');

/*Data for the table `forum_forums_i18n` */

/*Data for the table `forum_moderators` */

/*Data for the table `forum_poll_options` */

/*Data for the table `forum_poll_votes` */

/*Data for the table `forum_polls` */

/*Data for the table `forum_posts` */

/*Data for the table `forum_profiles` */

/*Data for the table `forum_reported` */

/*Data for the table `forum_settings` */

insert  into `forum_settings`(`id`,`key`,`value`,`created`,`modified`) values (1,'site_name','Universito',NULL,'2012-10-16 12:51:00'),(2,'site_email','noreply@universito.com',NULL,'2012-10-16 12:51:00'),(3,'site_main_url','http://universito.com/',NULL,'2012-10-16 12:51:00'),(4,'topics_per_page','20',NULL,'2012-10-16 12:51:00'),(5,'topics_per_hour','3',NULL,'2012-10-16 12:51:00'),(6,'topic_flood_interval','300',NULL,'2012-10-16 12:51:00'),(7,'topic_pages_till_truncate','10',NULL,'2012-10-16 12:51:00'),(8,'posts_per_page','15',NULL,'2012-10-16 12:51:00'),(9,'posts_per_hour','15',NULL,'2012-10-16 12:51:00'),(10,'posts_till_hot_topic','35',NULL,'2012-10-16 12:51:00'),(11,'post_flood_interval','60',NULL,'2012-10-16 12:51:00'),(12,'days_till_autolock','21',NULL,'2012-10-16 12:51:00'),(13,'whos_online_interval','15',NULL,'2012-10-16 12:51:00'),(14,'security_question','What framework does this plugin run on?',NULL,'2012-10-16 12:51:00'),(15,'security_answer','cakephp',NULL,'2012-10-16 12:51:00'),(16,'enable_quick_reply','1',NULL,'2012-10-16 12:51:00'),(17,'enable_gravatar','1',NULL,'2012-10-16 12:51:00'),(18,'censored_words','',NULL,'2012-10-16 12:51:00'),(19,'default_locale','eng',NULL,'2012-10-16 12:51:00'),(20,'default_timezone','+2',NULL,'2012-10-16 12:51:00'),(21,'title_separator',' - ',NULL,'2012-10-16 12:51:00'),(22,'enable_topic_subscriptions','1',NULL,'2012-10-16 12:51:00'),(23,'enable_forum_subscriptions','1',NULL,'2012-10-16 12:51:00'),(24,'auto_subscribe_self','1',NULL,'2012-10-16 12:51:00');

/*Data for the table `forum_subscriptions` */

/*Data for the table `forum_topics` */

/*Data for the table `i18n` */

/*Data for the table `images` */

/*Data for the table `notifications` */

/*Data for the table `payment_info` */

/*Data for the table `pending_user_lessons` */

/*Data for the table `student_tests` */

/*Data for the table `subject_catalog` */

/*Data for the table `subject_categories` */

insert  into `subject_categories`(`subject_category_id`,`parent_subject_category_id`,`path`,`name`,`description`,`forum_id`,`deep`) values (1,0,NULL,'Technology and Programming','Technology and Programming',1,1),(2,1,'1','Networking','Networking',2,2),(3,1,'1','Databases','Databases',3,2),(4,1,'1','IT','IT',4,2),(5,1,'1','Hardware','Hardware',5,2),(6,1,'1','Mobile development','Mobile development',6,2),(7,1,'1','OS','OS',7,2),(8,1,'1','Programming','Programming',8,2),(9,1,'1','Security','Security',9,2),(10,1,'1','Telecommunication','Telecommunication',10,2),(11,1,'1','Web development','Web development',11,2),(12,1,'1','Other','Other',12,2),(13,0,NULL,'Education','Education',13,1),(14,13,'13','Chemistry','Chemistry',14,2),(15,13,'13','Graduate education','Graduate education',15,2),(16,13,'13','Homework assistance','Homework assistance',16,2),(17,13,'13','Mathematics','Mathematics',17,2),(18,13,'13','Physics','Physics',18,2),(19,13,'13','Biology','Biology',19,2),(20,13,'13','Languages','Languages',20,2),(21,13,'13','Test prep','Test prep',21,2),(22,13,'13','Other','Other',22,2),(23,0,NULL,'Art and Creativity','Art and Creativity',23,1),(24,23,'23','Music','Music',24,2),(25,23,'23','Animation','Animation',25,2),(26,23,'23','Video','Video',26,2),(27,23,'23','Graphic design','Graphic design',27,2),(28,23,'23','Photography','Photography',28,2),(29,23,'23','Writing','Writing',29,2),(30,23,'23','Other','Other',30,2),(31,0,NULL,'Business','Business',31,1),(32,31,'31','Accounting and Tax','Accounting and Tax',32,2),(33,31,'31','Consulting','Consulting',33,2),(34,31,'31','Business Plan','Business Plan',34,2),(35,31,'31','Finance','Finance',35,2),(36,31,'31','Insurance','Insurance',36,2),(37,31,'31','Other','Other',37,2),(38,0,NULL,'Coaching','Coaching',38,1),(39,38,'38','Career','Career',39,2),(40,38,'38','Dating and Relationship','Dating and Relationship',40,2),(41,38,'38','Communication','Communication',41,2),(42,38,'38','Motivation','Motivation',42,2),(43,38,'38','Other','Other',43,2),(44,0,NULL,'Health','Health',44,1),(45,44,'44','Diet','Diet',45,2),(46,44,'44','Alternative','Alternative',46,2),(47,44,'44','Other','Other',47,2),(48,0,NULL,'Lifestyle','Lifestyle',48,1),(49,48,'48','Fashion','Fashion',49,2),(50,48,'48','Automotive','Automotive',50,2),(51,48,'48','Sports and Fitness','Sports and Fitness',51,2),(52,48,'48','Pets','Pets',52,2),(53,48,'48','Home design','Home design',53,2),(54,48,'48','Travel','Travel',54,2),(55,0,NULL,'Spirituality','Spirituality',55,1),(56,55,'55','Astrology','Astrology',56,2),(57,55,'55','Dream analysis','Dream analysis',57,2),(58,55,'55','Fortune telling','Fortune telling',58,2),(59,55,'55','Graphology','Graphology',59,2),(60,55,'55','Religion','Religion',60,2),(61,55,'55','Tarot reading','Tarot reading',61,2),(62,55,'55','Other','Other',62,2),(63,0,NULL,'Other','Other',63,1),(64,63,'63','Other','Other',64,2);

/*Data for the table `subject_categories_i18n` */

insert  into `subject_categories_i18n`(`id`,`locale`,`model`,`foreign_key`,`field`,`content`) values (1,'eng','SubjectCategory',1,'name','Technology and Programming'),(2,'eng','SubjectCategory',1,'description','Technology and Programming'),(3,'eng','SubjectCategory',2,'name','Networking'),(4,'eng','SubjectCategory',2,'description','Networking'),(5,'eng','SubjectCategory',3,'name','Databases'),(6,'eng','SubjectCategory',3,'description','Databases'),(7,'eng','SubjectCategory',4,'name','IT'),(8,'eng','SubjectCategory',4,'description','IT'),(9,'eng','SubjectCategory',5,'name','Hardware'),(10,'eng','SubjectCategory',5,'description','Hardware'),(11,'eng','SubjectCategory',6,'name','Mobile development'),(12,'eng','SubjectCategory',6,'description','Mobile development'),(13,'eng','SubjectCategory',7,'name','OS'),(14,'eng','SubjectCategory',7,'description','OS'),(15,'eng','SubjectCategory',8,'name','Programming'),(16,'eng','SubjectCategory',8,'description','Programming'),(17,'eng','SubjectCategory',9,'name','Security'),(18,'eng','SubjectCategory',9,'description','Security'),(19,'eng','SubjectCategory',10,'name','Telecommunication'),(20,'eng','SubjectCategory',10,'description','Telecommunication'),(21,'eng','SubjectCategory',11,'name','Web development'),(22,'eng','SubjectCategory',11,'description','Web development'),(23,'eng','SubjectCategory',12,'name','Other'),(24,'eng','SubjectCategory',12,'description','Other'),(25,'eng','SubjectCategory',13,'name','Education'),(26,'eng','SubjectCategory',13,'description','Education'),(27,'eng','SubjectCategory',14,'name','Chemistry'),(28,'eng','SubjectCategory',14,'description','Chemistry'),(29,'eng','SubjectCategory',15,'name','Graduate education'),(30,'eng','SubjectCategory',15,'description','Graduate education'),(31,'eng','SubjectCategory',16,'name','Homework assistance'),(32,'eng','SubjectCategory',16,'description','Homework assistance'),(33,'eng','SubjectCategory',17,'name','Mathematics'),(34,'eng','SubjectCategory',17,'description','Mathematics'),(35,'eng','SubjectCategory',18,'name','Physics'),(36,'eng','SubjectCategory',18,'description','Physics'),(37,'eng','SubjectCategory',19,'name','Biology'),(38,'eng','SubjectCategory',19,'description','Biology'),(39,'eng','SubjectCategory',20,'name','Languages'),(40,'eng','SubjectCategory',20,'description','Languages'),(41,'eng','SubjectCategory',21,'name','Test prep'),(42,'eng','SubjectCategory',21,'description','Test prep'),(43,'eng','SubjectCategory',22,'name','Other'),(44,'eng','SubjectCategory',22,'description','Other'),(45,'eng','SubjectCategory',23,'name','Art and Creativity'),(46,'eng','SubjectCategory',23,'description','Art and Creativity'),(47,'eng','SubjectCategory',24,'name','Music'),(48,'eng','SubjectCategory',24,'description','Music'),(49,'eng','SubjectCategory',25,'name','Animation'),(50,'eng','SubjectCategory',25,'description','Animation'),(51,'eng','SubjectCategory',26,'name','Video'),(52,'eng','SubjectCategory',26,'description','Video'),(53,'eng','SubjectCategory',27,'name','Graphic design'),(54,'eng','SubjectCategory',27,'description','Graphic design'),(55,'eng','SubjectCategory',28,'name','Photography'),(56,'eng','SubjectCategory',28,'description','Photography'),(57,'eng','SubjectCategory',29,'name','Writing'),(58,'eng','SubjectCategory',29,'description','Writing'),(59,'eng','SubjectCategory',30,'name','Other'),(60,'eng','SubjectCategory',30,'description','Other'),(61,'eng','SubjectCategory',31,'name','Business'),(62,'eng','SubjectCategory',31,'description','Business'),(63,'eng','SubjectCategory',32,'name','Accounting and Tax'),(64,'eng','SubjectCategory',32,'description','Accounting and Tax'),(65,'eng','SubjectCategory',33,'name','Consulting'),(66,'eng','SubjectCategory',33,'description','Consulting'),(67,'eng','SubjectCategory',34,'name','Business Plan'),(68,'eng','SubjectCategory',34,'description','Business Plan'),(69,'eng','SubjectCategory',35,'name','Finance'),(70,'eng','SubjectCategory',35,'description','Finance'),(71,'eng','SubjectCategory',36,'name','Insurance'),(72,'eng','SubjectCategory',36,'description','Insurance'),(73,'eng','SubjectCategory',37,'name','Other'),(74,'eng','SubjectCategory',37,'description','Other'),(75,'eng','SubjectCategory',38,'name','Coaching'),(76,'eng','SubjectCategory',38,'description','Coaching'),(77,'eng','SubjectCategory',39,'name','Career'),(78,'eng','SubjectCategory',39,'description','Career'),(79,'eng','SubjectCategory',40,'name','Dating and Relationship'),(80,'eng','SubjectCategory',40,'description','Dating and Relationship'),(81,'eng','SubjectCategory',41,'name','Communication'),(82,'eng','SubjectCategory',41,'description','Communication'),(83,'eng','SubjectCategory',42,'name','Motivation'),(84,'eng','SubjectCategory',42,'description','Motivation'),(85,'eng','SubjectCategory',43,'name','Other'),(86,'eng','SubjectCategory',43,'description','Other'),(87,'eng','SubjectCategory',44,'name','Health'),(88,'eng','SubjectCategory',44,'description','Health'),(89,'eng','SubjectCategory',45,'name','Diet'),(90,'eng','SubjectCategory',45,'description','Diet'),(91,'eng','SubjectCategory',46,'name','Alternative'),(92,'eng','SubjectCategory',46,'description','Alternative'),(93,'eng','SubjectCategory',47,'name','Other'),(94,'eng','SubjectCategory',47,'description','Other'),(95,'eng','SubjectCategory',48,'name','Lifestyle'),(96,'eng','SubjectCategory',48,'description','Lifestyle'),(97,'eng','SubjectCategory',49,'name','Fashion'),(98,'eng','SubjectCategory',49,'description','Fashion'),(99,'eng','SubjectCategory',50,'name','Automotive'),(100,'eng','SubjectCategory',50,'description','Automotive'),(101,'eng','SubjectCategory',51,'name','Sports and Fitness'),(102,'eng','SubjectCategory',51,'description','Sports and Fitness'),(103,'eng','SubjectCategory',52,'name','Pets'),(104,'eng','SubjectCategory',52,'description','Pets'),(105,'eng','SubjectCategory',53,'name','Home design'),(106,'eng','SubjectCategory',53,'description','Home design'),(107,'eng','SubjectCategory',54,'name','Travel'),(108,'eng','SubjectCategory',54,'description','Travel'),(109,'eng','SubjectCategory',55,'name','Spirituality'),(110,'eng','SubjectCategory',55,'description','Spirituality'),(111,'eng','SubjectCategory',56,'name','Astrology'),(112,'eng','SubjectCategory',56,'description','Astrology'),(113,'eng','SubjectCategory',57,'name','Dream analysis'),(114,'eng','SubjectCategory',57,'description','Dream analysis'),(115,'eng','SubjectCategory',58,'name','Fortune telling'),(116,'eng','SubjectCategory',58,'description','Fortune telling'),(117,'eng','SubjectCategory',59,'name','Graphology'),(118,'eng','SubjectCategory',59,'description','Graphology'),(119,'eng','SubjectCategory',60,'name','Religion'),(120,'eng','SubjectCategory',60,'description','Religion'),(121,'eng','SubjectCategory',61,'name','Tarot reading'),(122,'eng','SubjectCategory',61,'description','Tarot reading'),(123,'eng','SubjectCategory',62,'name','Other'),(124,'eng','SubjectCategory',62,'description','Other'),(125,'eng','SubjectCategory',63,'name','Other'),(126,'eng','SubjectCategory',63,'description','Other'),(127,'eng','SubjectCategory',64,'name','Other'),(128,'eng','SubjectCategory',64,'description','Other');

/*Data for the table `subjects` */

/*Data for the table `teacher_about_videos` */

/*Data for the table `teacher_certificates` */

/*Data for the table `teacher_lessons` */

/*Data for the table `tests` */

/*Data for the table `threads` */

/*Data for the table `user_lessons` */

/*Data for the table `users` */

insert  into `users`(`user_id`,`facebook_id`,`email`,`password`,`password_reset`,`activation_code`,`active`,`first_name`,`last_name`,`image`,`image_source`,`image_resize`,`image_crop_38x38`,`image_crop_60x60`,`image_crop_63x63`,`image_crop_72x72`,`image_crop_78x78`,`image_crop_80x80`,`image_crop_100x100`,`image_crop_149x182`,`image_crop_200x210`,`dob`,`phone`,`address`,`zipcode`,`student_avarage_rating`,`student_about`,`student_raters_amount`,`student_total_lessons`,`students_total_learning_minutes`,`teacher_about`,`teacher_address`,`teacher_zipcode`,`teacher_total_teaching_minutes`,`teacher_students_amount`,`teacher_total_lessons`,`teacher_avarage_rating`,`teacher_raters_amount`,`teacher_paypal_id`,`language`,`languages_of_records`,`title`,`timezone`,`currentLogin`,`lastLogin`,`created`) values (1,1616529824,'eldad87@gmail.com','93bcca70e6e28f23c82fb55c48d88a1bab4bba0d',NULL,NULL,1,'Eldad','Yamin',1,'/img/users/\\50dc3bbb-5b4c-4c8c-b5cc-1998ded5dd25/50dc3bbb-5b4c-4c8c-b5cc-1998ded5dd25.jpg','/img/users/\\50dc3bbb-5b4c-4c8c-b5cc-1998ded5dd25/50dc3bbb-5b4c-4c8c-b5cc-1998ded5dd25_resize.jpg','/img/users/\\50dc3bbb-5b4c-4c8c-b5cc-1998ded5dd25/50dc3bbb-5b4c-4c8c-b5cc-1998ded5dd25_38x38.jpg','/img/users/\\50dc3bbb-5b4c-4c8c-b5cc-1998ded5dd25/50dc3bbb-5b4c-4c8c-b5cc-1998ded5dd25_60x60.jpg','/img/users/\\50dc3bbb-5b4c-4c8c-b5cc-1998ded5dd25/50dc3bbb-5b4c-4c8c-b5cc-1998ded5dd25_63x63.jpg','/img/users/\\50dc3bbb-5b4c-4c8c-b5cc-1998ded5dd25/50dc3bbb-5b4c-4c8c-b5cc-1998ded5dd25_72x72.jpg','/img/users/\\50dc3bbb-5b4c-4c8c-b5cc-1998ded5dd25/50dc3bbb-5b4c-4c8c-b5cc-1998ded5dd25_78x78.jpg','/img/users/\\50dc3bbb-5b4c-4c8c-b5cc-1998ded5dd25/50dc3bbb-5b4c-4c8c-b5cc-1998ded5dd25_80x80.jpg','/img/users/\\50dc3bbb-5b4c-4c8c-b5cc-1998ded5dd25/50dc3bbb-5b4c-4c8c-b5cc-1998ded5dd25_100x100.jpg','/img/users/\\50dc3bbb-5b4c-4c8c-b5cc-1998ded5dd25/50dc3bbb-5b4c-4c8c-b5cc-1998ded5dd25_149x182.jpg','/img/users/\\50dc3bbb-5b4c-4c8c-b5cc-1998ded5dd25/50dc3bbb-5b4c-4c8c-b5cc-1998ded5dd25_200x210.jpg',NULL,'','','',0,'about me',0,0,0,'about 1','','',0,0,0,5,8,'seller_1358640473_biz@gmail.com','eng','[\"eng\",\"heb\"]',NULL,'Asia/Jerusalem','2013-01-20 15:47:52','2013-01-20 15:37:10','2012-07-19 22:50:32'),(2,NULL,'sivaneshokol@gmail.com','93bcca70e6e28f23c82fb55c48d88a1bab4bba0d',NULL,NULL,1,'Sivan','Yamin',0,NULL,NULL,NULL,NULL,NULL,NULL,NULL,NULL,NULL,NULL,NULL,NULL,NULL,NULL,NULL,0,NULL,0,0,0,'',NULL,NULL,0,0,0,4,2,NULL,'eng','[\"heb\",\"eng\"]',NULL,'Asia/Jerusalem','2013-01-20 18:14:00','2013-01-20 18:07:48',NULL);

/*Data for the table `watchitoo_lesson_meetings` */

/*Data for the table `watchitoo_lesson_users` */

/*Data for the table `watchitoo_subject_meetings` */

/*Data for the table `watchitoo_subject_teachers` */

/*!40101 SET SQL_MODE=@OLD_SQL_MODE */;
/*!40014 SET FOREIGN_KEY_CHECKS=@OLD_FOREIGN_KEY_CHECKS */;
/*!40014 SET UNIQUE_CHECKS=@OLD_UNIQUE_CHECKS */;
/*!40111 SET SQL_NOTES=@OLD_SQL_NOTES */;
